{
  "application": {
    "executiondate": "2020-05-13T21:40:53.307Z",
    "version": "1.0.7b"
  },
  "observatory": {
    "site": "paranal"
  },
  "target": {
    "morphology": {
      "morphologytype": "point"
    },
    "sed": {
      "sedtype": "spectrum",
      "spectrum": {
        "spectrumtype": "blackbody",
        "params": {
          "temperature": 4900.0
        }
      }
    },
    "brightness": {
      "brightnesstype": "mag",
      "extinctionav": 0,
      "params": {
        "magband": "J",
        "mag": 9.843,
        "magsys": "AB"
      }
    }
  },
  "sky": {
    "airmass": 1.2207592893798398,
    "moon_target_sep": 137.10062134906093,
    "moon_sun_sep": 79.68014673684952,
    "pwv": 2.5,
    "moon_alt": -69.28807976366107
  },
  "seeingiqao": {
    "mode": "aongs",
    "params": {
      "seeing": 1.1,
      "gsmag": 11,
      "sptype": "A0V",
      "separation": 10
    }
  },
  "timesnr": {
    "inputtype": "snr",
    "dit": 26.666666666666668,
    "snr": {
      "snr": 100,
      "wavelengthmin": 2291,
      "wavelengthmax": 2349,
      "method": "median"
    }
  },
  "output": {
    "snr": {
      "snr": true,
      "plotindex": 0
    },
    "sed": {
      "sky": false,
      "target": false,
      "plotindex": 1
    },
    "sky": {
      "obsemission": false,
      "obsemissioncentralpix": false,
      "plotindex": 2
    },
    "target": {
      "obstarget": false,
      "obstargetcentralpix": false,
      "plotindex": 3
    },
    "background": {
      "obsbackground": false,
      "obsbackgroundcentralpix": false,
      "plotindex": 4
    },
    "totalsignal": {
      "totalsignal": false,
      "totalsignalcentralpix": false,
      "plotindex": 5
    },
    "blip": {
      "blip": false,
      "plotindex": 6
    },
    "throughput": {
      "atmosphere": false,
      "telescope": false,
      "instrument": false,
      "blaze": false,
      "enslittedenergy": false,
      "detector": false,
      "totalinclsky": false,
      "plotindex": 7
    },
    "dispersion": {
      "dispersion": false,
      "plotindex": 8
    },
    "psf": {
      "psf": false,
      "plotindex": 9
    }
  },
  "instrument": {
    "name": "crires",
    "slit": 0.2,
    "settingkey": "K2217",
    "polarimetry": null
  }
}