Name,obs_time,Primary eclipse observable?,Transit Length,Number of exposures possible,S/N median,Minimum S/N,Maximum S/N,Minimum Exposure Time,Maximum Exposure Time
HR 858 d,2020-12-01 02:28:01.919990,True,3.4344 h,872,95.20248855018653,0.0,157.05746057036208,13.333333333333334,14.166666666666668
HR 858 d,2020-10-17 04:23:13.919990,True,3.4344 h,872,92.63312348884305,0.0,152.36253109164699,14.166666666666668,14.166666666666668
HR 858 b,2020-09-30 07:14:26.879992,True,2.7096 h,731,94.9969283933467,0.0,157.0277002916555,13.333333333333334,13.333333333333334
HR 858 b,2020-11-05 03:52:42.239992,True,2.7096 h,688,92.5363516600016,0.0,152.35362227530254,13.333333333333334,14.166666666666668
HR 858 b,2021-01-05 02:57:44.351992,True,2.7096 h,688,92.2608026732681,0.0,156.57299190864734,13.333333333333334,14.166666666666668
HR 858 b,2020-10-18 05:33:34.559992,True,2.7096 h,688,95.30663252772027,0.0,157.06803991269047,13.333333333333334,14.166666666666668
HR 858 b,2020-11-23 02:11:49.919992,True,2.7096 h,688,92.64148031099148,0.0,152.36392129294822,14.166666666666668,14.166666666666668
GJ 143 b,2020-10-11 06:54:56.159997,True,3.2299992 h,606,91.27635898274248,0.0,151.43890578502547,19.166666666666668,19.166666666666668
HD 21749 c,2020-11-20 02:11:44.735988,True,2.5150008 h,472,91.58556643219131,0.0,151.4952405853552,19.166666666666668,19.166666666666668
DS Tuc A b,2020-09-29 05:19:37.862385,True,3.1764 h,198,90.52775151507903,0.0,153.39768636970618,57.5,57.5
DS Tuc A b,2020-08-03 06:05:53.375985,True,3.1764 h,198,91.64891742307755,0.0,153.61842220394055,57.5,57.5
LTT 1445 A b,2020-11-20 03:51:58.175988,True,1.3776 h,123,93.01886133776736,0.0,147.02935342836557,40.0,40.0
LTT 1445 A b,2020-10-08 06:58:21.791988,True,1.3776 h,123,92.91949039087788,0.0,147.02192406712675,40.0,40.0
LTT 1445 A b,2020-12-06 05:42:04.319988,True,1.3776 h,123,91.40128733462338,0.0,149.83643451047598,40.0,40.0
LTT 1445 A b,2021-01-18 02:35:40.703988,True,1.3776 h,123,92.043567132894,0.0,149.89264654256172,40.0,40.0
GJ 357 b,2020-12-26 07:19:41.376017,True,1.53 h,120,94.78047776651844,0.0,150.0038644914583,45.833333333333336,45.833333333333336
GJ 357 b,2020-12-30 05:39:55.584017,True,1.53 h,120,94.51399055784422,0.0,149.95964224518212,45.833333333333336,45.833333333333336
GJ 357 b,2021-05-01 02:07:16.032017,True,1.53 h,120,92.21011504534562,0.0,149.70918856656297,45.833333333333336,45.833333333333336
GJ 357 b,2021-02-23 06:23:14.496017,True,1.53 h,120,92.38881648407138,0.0,149.72571356214533,45.833333333333336,45.833333333333336
GJ 357 b,2021-03-03 03:03:42.912017,True,1.53 h,120,94.77305264732203,0.0,150.00255167206274,45.833333333333336,45.833333333333336
GJ 357 b,2021-03-07 01:23:57.120017,True,1.53 h,120,94.56446575117741,0.0,149.9682534458414,45.833333333333336,45.833333333333336
GJ 357 b,2021-05-05 00:27:30.240017,True,1.53 h,120,94.06263997682457,0.0,149.9121036494349,45.833333333333336,45.833333333333336
LTT 1445 A b,2020-11-04 02:01:52.031988,True,1.3776 h,119,92.0787954854975,0.0,146.97290210847973,40.0,41.66666666666667
LTT 1445 A b,2020-09-22 05:08:15.647988,True,1.3776 h,119,92.41688740070097,0.0,146.99097768602869,40.0,41.66666666666667
HD 15337 b,2020-10-26 03:57:19.584017,True,2.4899999999999998 h,112,93.17623495641041,0.0,151.79502349848403,80.0,80.0
HD 15337 b,2020-11-14 04:32:45.024017,True,2.4899999999999998 h,112,92.08105491825094,0.0,151.6576326293829,80.0,80.0
HD 15337 b,2020-08-25 08:02:11.904017,True,2.4899999999999998 h,112,93.17418547079978,0.0,151.7946633738989,80.0,80.0
HD 15337 b,2020-10-07 03:21:54.144017,True,2.4899999999999998 h,108,92.70989935122458,0.0,151.73995993432473,80.0,82.5
HD 15337 b,2020-08-06 07:26:46.464017,True,2.4899999999999998 h,108,92.7296328373707,0.0,151.74151099384292,80.0,82.5
HD 106315 c,2021-03-22 04:40:10.711996,True,4.638 h,104,92.49416940047587,0.0,155.19427374468626,160.0,160.0
HD 106315 b,2021-02-22 06:22:45.848014,True,3.7750008 h,84,93.11005145330577,0.0,155.2914751981977,160.0,160.0
HD 106315 b,2021-04-30 03:10:39.224014,True,3.7750008 h,84,91.67881810336362,0.0,155.04120106967554,160.0,160.0
WASP-166 b,2021-03-02 02:48:05.336007,True,3.5999999999999996 h,68,93.51216740835338,0.0,153.92775374184146,190.0,190.0
WASP-166 b,2021-02-19 05:30:41.624007,True,3.5999999999999996 h,68,91.53453207904437,0.0,153.64914304209054,190.0,190.0
WASP-166 b,2021-01-01 05:42:24.920007,True,3.5999999999999996 h,68,93.69438040703372,0.0,153.95074738188455,190.0,190.0
GJ 9827 c,2020-07-21 08:46:31.704318,True,1.82496 h,62,93.23669357514748,0.0,152.1016793226122,105.41666666666666,105.41666666666666
GJ 9827 c,2020-11-15 02:30:46.695678,True,1.82496 h,62,91.40414434056537,0.0,151.7878251841856,105.41666666666666,105.41666666666666
GJ 9827 c,2020-08-23 04:45:50.920638,True,1.82496 h,62,93.87644882486072,0.0,152.18028419094915,105.41666666666666,105.41666666666666
GJ 9827 c,2020-08-12 06:06:04.515198,True,1.82496 h,62,93.88773573097274,0.0,152.18222934286067,105.41666666666666,105.41666666666666
GJ 9827 c,2020-08-01 07:26:18.109758,True,1.82496 h,62,93.72307893813613,0.0,152.15716401935944,105.41666666666666,105.41666666666666
L 98-59 c,2020-12-25 05:41:24.403199,True,1.2400008 h,60,90.9688849258885,0.0,147.36787686154213,73.33333333333334,73.33333333333334
L 98-59 c,2021-01-05 07:24:53.366399,True,1.2400008 h,60,90.44525627378124,0.0,147.32803242043266,73.33333333333334,73.33333333333334
L 98-59 c,2021-02-11 05:09:49.910399,True,1.2400008 h,60,90.3494601980035,0.0,147.32026458903712,73.33333333333334,73.33333333333334
L 98-59 c,2021-01-31 03:26:20.947199,True,1.2400008 h,60,90.98819228585344,0.0,147.36889600796204,73.33333333333334,73.33333333333334
L 98-59 c,2021-03-09 01:11:17.491199,True,1.2400008 h,60,90.99137420348404,0.0,147.36934411875365,73.33333333333334,73.33333333333334
L 98-59 c,2021-03-20 02:54:46.454399,True,1.2400008 h,60,92.36538660114397,0.0,150.6618483575257,73.33333333333334,73.33333333333334
L 98-59 c,2021-04-26 00:39:42.998399,True,1.2400008 h,60,92.27002751401906,0.0,150.65230108432362,73.33333333333334,73.33333333333334
WASP-76 b,2020-11-22 02:40:59.976004,True,3.6936 h,57,91.16431330118235,0.0,153.41392188832512,230.0,230.0
WASP-76 b,2020-10-24 03:41:13.569604,True,3.6936 h,57,92.02073841617629,0.0,153.5645985128147,230.0,230.0
L 98-59 b,2021-02-24 04:18:06.336019,True,1.02 h,50,90.41436110137361,0.0,147.32567878109668,73.33333333333334,73.33333333333334
L 98-59 b,2021-02-06 03:41:55.968019,True,1.02 h,50,90.98128326121827,0.0,147.36848117079583,73.33333333333334,73.33333333333334
L 98-59 b,2021-04-26 00:20:11.328019,True,1.02 h,50,90.39391184365141,0.0,147.32420094603856,73.33333333333334,73.33333333333334
L 98-59 b,2021-02-15 04:00:01.152019,True,1.02 h,50,90.82903151502953,0.0,147.35541445878548,73.33333333333334,73.33333333333334
L 98-59 b,2020-11-28 07:21:45.792019,True,1.02 h,50,90.93993987384812,0.0,147.36588647455252,73.33333333333334,73.33333333333334
L 98-59 b,2021-01-28 03:23:50.784019,True,1.02 h,50,90.94349530219304,0.0,147.366190843891,73.33333333333334,73.33333333333334
L 98-59 b,2020-12-07 07:39:50.976019,True,1.02 h,50,90.98528074390144,0.0,147.3687211278207,73.33333333333334,73.33333333333334
L 98-59 b,2021-01-19 03:05:45.600019,True,1.02 h,47,90.73361756915449,0.0,147.34831679090576,73.33333333333334,76.66666666666667
L 98-59 b,2021-03-05 04:36:11.520019,True,1.02 h,47,91.95397338992876,0.0,150.62548748624465,73.33333333333334,76.66666666666667
L 98-59 b,2021-01-10 02:47:40.416019,True,1.02 h,47,92.3805705058447,0.0,150.6631979277899,76.66666666666667,76.66666666666667
L 98-59 b,2021-05-05 00:38:16.512019,True,1.02 h,47,91.91952145990504,0.0,150.6231423800896,73.33333333333334,76.66666666666667
L 98-59 b,2020-11-19 07:03:40.608019,True,1.02 h,47,90.72234075296369,0.0,147.34743361472746,73.33333333333334,76.66666666666667
L 98-59 b,2020-11-10 06:45:35.424019,True,1.02 h,47,92.36340216985532,0.0,150.66160942727652,76.66666666666667,76.66666666666667
L 98-59 d,2021-03-13 03:27:33.695984,True,0.9100007999999999 h,44,92.41453347545502,0.0,150.66581947302717,73.33333333333334,73.33333333333334
WASP-131 b,2021-03-09 07:14:34.556780,True,3.8304 h,44,92.60738148923451,0.0,153.0583261444866,310.0,310.0
L 98-59 d,2021-03-28 01:06:02.303984,True,0.9100007999999999 h,44,90.88704283573921,0.0,147.36096370530737,73.33333333333334,73.33333333333334
K2-3 d,2021-04-17 01:54:07.792014,True,4.3249992 h,44,92.52408828038247,0.0,150.1344637748784,350.0,350.0
L 98-59 d,2020-12-06 06:47:27.743984,True,0.9100007999999999 h,44,90.92137861744351,0.0,147.36457183998573,73.33333333333334,73.33333333333334
WASP-131 b,2021-05-12 03:59:08.003180,True,3.8304 h,44,91.65525556990558,0.0,152.93881617690994,310.0,310.0
WASP-131 b,2021-04-10 05:36:51.279980,True,3.8304 h,44,92.26396635657615,0.0,153.00801610005595,310.0,310.0
WASP-131 b,2021-03-25 06:25:42.918380,True,3.8304 h,44,92.43907316041363,0.0,153.0352778969191,310.0,310.0
GJ 9827 b,2020-09-11 06:23:38.128659,True,1.2648 h,43,92.25663622549865,0.0,151.9689461629211,105.41666666666666,105.41666666666666
GJ 9827 b,2020-09-16 02:27:22.273299,True,1.2648 h,43,93.37614319771293,0.0,152.11590535938578,105.41666666666666,105.41666666666666
GJ 9827 b,2020-09-22 03:32:02.454099,True,1.2648 h,43,93.90213026512663,0.0,152.18426907747923,105.41666666666666,105.41666666666666
GJ 9827 b,2020-08-30 04:14:17.767059,True,1.2648 h,43,93.80016616929464,0.0,152.16731922488353,105.41666666666666,105.41666666666666
GJ 9827 b,2020-10-09 01:45:06.960339,True,1.2648 h,43,93.84735996689876,0.0,152.17340797332778,105.41666666666666,105.41666666666666
GJ 9827 b,2020-10-15 02:49:47.141139,True,1.2648 h,43,93.70532434399496,0.0,152.15548524990922,105.41666666666666,105.41666666666666
GJ 9827 b,2020-08-25 08:10:33.622419,True,1.2648 h,43,91.39397338317198,0.0,151.78450781011995,105.41666666666666,105.41666666666666
GJ 9827 b,2020-11-01 01:02:51.647379,True,1.2648 h,43,93.89198808652918,0.0,152.1826409176025,105.41666666666666,105.41666666666666
GJ 9827 b,2020-11-07 02:07:31.828179,True,1.2648 h,43,92.95343024710508,0.0,152.07414802678994,105.41666666666666,105.41666666666666
GJ 9827 b,2020-11-13 03:12:12.008979,True,1.2648 h,43,90.80345677872161,0.0,151.6791223501065,105.41666666666666,105.41666666666666
GJ 9827 b,2020-11-30 01:25:16.515219,True,1.2648 h,43,91.9226000017147,0.0,151.90522502819022,105.41666666666666,105.41666666666666
GJ 9827 b,2020-10-21 03:54:27.321939,True,1.2648 h,43,92.03680045093027,0.0,151.93869207817085,105.41666666666666,105.41666666666666
WASP-127 b,2021-03-14 03:15:11.902396,True,4.308 h,43,92.85260335326768,0.0,153.71636889604184,360.0,360.0
GJ 9827 b,2020-08-19 07:05:53.441619,True,1.2648 h,43,93.30396112582581,0.0,152.10827458403725,105.41666666666666,105.41666666666666
GJ 9827 b,2020-08-02 08:52:48.935379,True,1.2648 h,43,92.43782105956211,0.0,151.99628926529533,105.41666666666666,105.41666666666666
GJ 9827 b,2020-06-28 07:25:43.886739,True,1.2648 h,43,93.07338255635665,0.0,152.0837929079275,105.41666666666666,105.41666666666666
GJ 9827 b,2020-07-04 08:30:24.067539,True,1.2648 h,43,93.89694203609793,0.0,152.18366974422148,105.41666666666666,105.41666666666666
GJ 9827 b,2020-07-21 06:43:28.573779,True,1.2648 h,43,93.74793751401234,0.0,152.15991896664906,105.41666666666666,105.41666666666666
GJ 9827 b,2020-07-27 07:48:08.754579,True,1.2648 h,43,93.82725944683867,0.0,152.17044133398034,105.41666666666666,105.41666666666666
WASP-127 b,2021-02-21 05:53:09.118396,True,4.308 h,43,91.34149147413709,0.0,153.46813407128576,360.0,360.0
GJ 9827 b,2020-08-13 06:01:13.260819,True,1.2648 h,43,93.90308769438077,0.0,152.18460198800568,105.41666666666666,105.41666666666666
L 98-59 d,2020-12-21 04:25:56.351984,True,0.9100007999999999 h,42,90.41642993733308,0.0,147.3258693040994,76.66666666666667,76.66666666666667
GJ 9827 d,2020-09-25 04:29:54.299829,True,1.2228 h,41,93.47551234875915,0.0,152.1285612541245,105.41666666666666,105.41666666666666
GJ 9827 d,2020-08-25 04:19:19.346229,True,1.2228 h,41,93.66492886893246,0.0,152.15137404083202,105.41666666666666,105.41666666666666
GJ 9827 d,2020-07-31 08:58:51.383349,True,1.2228 h,41,92.47209078888318,0.0,152.00604912316473,105.41666666666666,105.41666666666666
GJ 9827 d,2020-06-30 08:48:16.429749,True,1.2228 h,41,93.89872278333493,0.0,152.18384924775043,105.41666666666666,105.41666666666666
HD 219666 b,2020-09-03 06:43:54.335994,True,2.1580008 h,35,92.06358815695003,0.0,154.3255676313243,220.0,220.0
TOI-270 d,2020-10-18 06:23:54.239981,True,2.1479999999999997 h,35,93.41372922849371,0.0,148.81592146119672,220.0,220.0
HD 219666 b,2020-08-16 04:08:04.991994,True,2.1580008 h,35,92.95661746561251,0.0,154.4858430872352,220.0,220.0
HD 219666 b,2020-09-09 07:35:50.783994,True,2.1580008 h,35,90.80705518073046,0.0,154.0585189203552,220.0,220.0
HD 219666 b,2020-08-28 05:51:57.887994,True,2.1580008 h,35,92.86025287243672,0.0,154.4704036042615,220.0,220.0
HD 219666 b,2020-08-22 05:00:01.439994,True,2.1580008 h,35,93.21798911733654,0.0,154.51498197701275,220.0,220.0
TOI-270 d,2020-12-14 04:00:54.719981,True,2.1479999999999997 h,35,92.99947956612279,0.0,148.79509513365187,220.0,220.0
K2-233 c,2021-04-05 06:37:54.048007,True,2.6500008 h,32,93.64591045287696,0.0,152.46866262162365,290.0,290.0
K2-233 c,2021-04-12 08:06:20.736007,True,2.6500008 h,32,91.72073523734554,0.0,152.2246966550484,290.0,290.0
K2-233 c,2020-07-25 01:33:53.280007,True,2.6500008 h,32,91.34978832156969,0.0,152.15271903631663,290.0,290.0
Wolf 503 b,2020-07-13 00:42:38.303998,True,1.3210008 h,29,93.73360596009427,0.0,154.89557345271723,160.0,160.0
Wolf 503 b,2020-07-07 00:40:56.351998,True,1.3210008 h,29,94.39156463404467,0.0,154.98174647792186,160.0,160.0
Wolf 503 b,2020-06-25 00:37:32.447998,True,1.3210008 h,29,95.1490819258891,0.0,155.0728747018806,160.0,160.0
Wolf 503 b,2020-06-07 00:32:26.591998,True,1.3210008 h,29,95.4214401198543,0.0,155.10653000513858,160.0,160.0
Wolf 503 b,2020-06-19 00:35:50.495998,True,1.3210008 h,29,95.30871668410867,0.0,155.0963448517908,160.0,160.0
Wolf 503 b,2020-07-19 00:44:20.255998,True,1.3210008 h,29,93.18366950575567,0.0,154.79413003908772,160.0,160.0
Wolf 503 b,2021-04-21 02:02:30.047998,True,1.3210008 h,29,94.43271887282563,0.0,154.98664830132262,160.0,160.0
Wolf 503 b,2021-05-03 02:05:53.951998,True,1.3210008 h,29,95.1659330158617,0.0,155.07520951388088,160.0,160.0
Wolf 503 b,2021-05-09 02:07:35.903998,True,1.3210008 h,29,95.32659814640996,0.0,155.0976676492426,160.0,160.0
Wolf 503 b,2021-05-15 02:09:17.855998,True,1.3210008 h,29,95.43499726607178,0.0,155.10774501598752,160.0,160.0
Wolf 503 b,2020-06-13 00:34:08.543998,True,1.3210008 h,29,95.43105052820606,0.0,155.10735486090235,160.0,160.0
K2-3 b,2021-02-21 05:06:29.103988,True,2.7259992 h,28,93.35468960139974,0.0,150.21906200958037,350.0,350.0
TOI-270 c,2020-12-04 02:05:01.766392,True,1.6579992 h,27,92.9673075950316,0.0,148.79259870774143,220.0,220.0
TOI-270 c,2020-11-17 02:33:05.183992,True,1.6579992 h,27,92.5249314227114,0.0,148.76538310809582,220.0,220.0
WASP-107 b,2021-05-12 01:09:18.160005,True,2.7527999999999997 h,26,93.10889242410694,0.0,150.77874392363063,380.0,380.0
WASP-107 b,2021-04-19 03:53:31.216005,True,2.7527999999999997 h,26,92.31475600401242,0.0,150.67858186347388,380.0,380.0
WASP-107 b,2021-02-15 05:25:07.120005,True,2.7527999999999997 h,25,93.02622128073992,0.0,150.77119570749355,380.0,390.0
K2-233 b,2020-06-25 01:21:42.336009,True,1.9690007999999999 h,24,93.74440325465133,0.0,152.47923603085852,290.0,290.0
WASP-80 b,2020-06-30 04:11:23.082292,True,2.1310008 h,24,93.0651714343226,0.0,150.81505070149527,310.0,310.0
K2-233 b,2020-06-20 02:55:25.248009,True,1.9690007999999999 h,24,93.0606098268181,0.0,152.3957062165127,290.0,290.0
WASP-80 b,2020-07-03 05:49:05.524468,True,2.1310008 h,24,93.23182872845256,0.0,150.8370680862597,310.0,310.0
K2-233 b,2021-05-19 05:29:38.688009,True,1.9690007999999999 h,24,92.56817211820828,0.0,152.3351089817222,290.0,290.0
K2-233 b,2021-05-14 07:03:21.600009,True,1.9690007999999999 h,24,90.75451720789906,0.0,152.021305760451,290.0,290.0
K2-233 b,2021-04-17 03:38:47.616009,True,1.9690007999999999 h,24,93.0657852813759,0.0,152.39624722390735,290.0,290.0
K2-233 b,2021-04-12 05:12:30.528009,True,1.9690007999999999 h,24,93.74597001207005,0.0,152.4793775946917,290.0,290.0
K2-233 b,2021-04-07 06:46:13.440009,True,1.9690007999999999 h,24,93.66729389182147,0.0,152.47173258338816,290.0,290.0
K2-233 b,2021-02-24 08:02:48.192009,True,1.9690007999999999 h,24,93.66303292669383,0.0,152.47083550343783,290.0,290.0
K2-233 b,2020-06-15 04:29:08.160009,True,1.9690007999999999 h,24,91.41923192924558,0.0,152.16374564523497,290.0,290.0
K2-290 b,2021-05-05 04:09:41.759997,True,4.9600008 h,24,92.4523998579541,0.0,152.9109422076455,710.0,730.0
WASP-80 b,2021-05-21 08:48:21.952948,True,2.1310008 h,24,93.16766706853596,0.0,150.8282523122342,310.0,310.0
WASP-80 b,2021-05-18 07:10:39.510772,True,2.1310008 h,24,93.1575678003376,0.0,150.82617504710586,310.0,310.0
WASP-80 b,2020-08-15 04:36:59.714932,True,2.1310008 h,24,91.60150382495343,0.0,150.61992258954595,310.0,310.0
WASP-80 b,2020-08-12 02:59:17.272756,True,2.1310008 h,24,93.29177969180967,0.0,150.84641819020152,310.0,310.0
WASP-84 b,2021-01-15 05:28:15.199981,True,2.74848 h,23,92.01026012237563,0.0,152.10221147648633,430.0,430.0
TOI-270 b,2020-12-30 04:08:29.184016,True,1.3870008 h,22,92.47145508905068,0.0,148.76166004038944,220.0,220.0
TOI-270 b,2020-11-23 05:04:49.152016,True,1.3870008 h,22,93.30543445043817,0.0,148.810876214873,220.0,220.0
TOI-270 b,2021-02-05 03:12:09.216016,True,1.3870008 h,22,90.93936462788702,0.0,148.6357949361442,220.0,220.0
WASP-185 b,2020-06-10 03:07:57.519986,True,4.6080000000000005 h,22,90.03777441773774,0.0,153.1802904198521,750.0,750.0
TOI-270 b,2020-12-20 02:12:56.448016,True,1.3870008 h,22,93.38251785632161,0.0,148.81411235277145,220.0,220.0
TOI-270 b,2020-12-03 07:00:21.888016,True,1.3870008 h,22,91.45949118714326,0.0,148.67946676228948,220.0,220.0
TOI-270 b,2020-09-10 06:57:29.088016,True,1.3870008 h,22,92.39514799081853,0.0,148.75537217866636,220.0,220.0
TOI-270 b,2020-11-13 03:09:16.416016,True,1.3870008 h,22,92.6698156288469,0.0,148.77535329748005,220.0,220.0
TOI-270 b,2020-10-17 06:01:09.120016,True,1.3870008 h,22,93.27101611573762,0.0,148.8090441384383,220.0,220.0
TOI-125 c,2020-10-17 05:00:27.359992,True,2.9544 h,22,91.3228403344969,0.0,153.3260919434262,480.0,480.0
TOI-125 c,2020-12-11 02:41:33.215992,True,2.9544 h,21,90.4483758815679,0.0,153.15792945284244,480.0,490.0
TOI-125 c,2020-08-23 07:19:21.503992,True,2.9544 h,21,90.71556873178866,0.0,151.81128759797355,480.0,490.0
WASP-185 b,2021-05-14 01:58:33.039986,True,4.6080000000000005 h,21,92.77126701151145,0.0,152.72449084702149,750.0,770.0
KELT-10 b,2020-08-09 04:45:22.125752,True,3.7439999999999998 h,21,89.94860727517417,0.0,153.4819078223121,640.0,640.0
KELT-10 b,2020-07-15 04:48:45.735992,True,3.7439999999999998 h,21,91.10594519362212,0.0,152.6815291577028,640.0,640.0
KELT-10 b,2020-06-20 04:52:09.346232,True,3.7439999999999998 h,21,92.29287260118849,0.0,152.84382378912596,640.0,640.0
WASP-85 A b,2021-04-18 01:32:48.415366,True,2.59584 h,20,92.57335869484214,0.0,154.14698453596046,450.0,450.0
WASP-85 A b,2021-04-10 02:20:16.755526,True,2.59584 h,20,92.52963652261381,0.0,154.14048401054166,450.0,450.0
WASP-85 A b,2021-04-02 03:07:45.095686,True,2.59584 h,20,92.40494536689684,0.0,154.12802710657712,450.0,450.0
WASP-85 A b,2021-03-17 04:42:41.776006,True,2.59584 h,20,92.04618616856231,0.0,154.08384915680426,450.0,450.0
WASP-85 A b,2021-03-09 05:30:10.116166,True,2.59584 h,20,91.85471640162058,0.0,154.03866153208713,450.0,450.0
WASP-85 A b,2021-02-21 07:05:06.796486,True,2.59584 h,20,91.35991820667846,0.0,153.94456465433674,450.0,450.0
WASP-85 A b,2020-06-06 00:55:52.575046,True,2.59584 h,20,90.31883052461447,0.0,153.72762337111067,450.0,450.0
,time,airmass,moon sep,moon phase,az,alt
Eclipse Begin : KELT-10 b,2020-06-20 02:59:50.146232,1.3011790986643663,144.52022668088478,13.848804387293578,134.93295288085938,50.2224006652832
Eclipse Mid,2020-06-20 04:52:09.346232,1.1014055473797322,145.48211680358676,12.549619664434708,157.7753448486328,65.220947265625
Eclipse End,2020-06-20 06:44:28.546232,1.1055363194358008,146.45127366079734,11.283532105118423,203.996826171875,64.76117706298828
Eclipse Begin : KELT-10 b,2020-07-15 02:56:26.535992,1.1170718742177785,120.81574233646882,65.91341051323995,152.0903778076172,63.5338134765625
Eclipse Mid,2020-07-15 04:48:45.735992,1.0931407793743528,121.86022488070948,64.81369887731864,197.67575073242188,66.17666625976562
Eclipse End,2020-07-15 06:41:04.935992,1.2658553143342421,122.80449737045767,63.86751489352331,223.86325073242188,52.18361282348633
Eclipse Begin : KELT-10 b,2020-08-09 02:53:02.925752,1.0851808756493937,95.90185849616472,117.14078082398007,190.56112670898438,67.14715576171875
Eclipse Mid,2020-08-09 04:45:22.125752,1.222537387967064,96.70332209383155,116.37946945213966,221.7392578125,54.88218688964844
Eclipse End,2020-08-09 06:37:41.325752,1.6865087409335602,97.39112800963927,115.773579092142,228.6107635498047,36.36598205566406
Eclipse Begin : K2-3 b,2021-02-21 03:44:42.305428,1.33199329716277,96.79576972161546,104.33615178549711,61.62006759643555,48.65578079223633
Eclipse Mid,2021-02-21 05:06:29.103988,1.1249084443310886,96.21437940394455,104.8582783922299,34.52094650268555,62.743003845214844
Eclipse End,2021-02-21 06:28:15.902548,1.0916871855456103,95.53410436835013,105.47843089003503,346.3038635253906,66.35004425048828
Eclipse Begin : K2-3 d,2021-04-16 23:44:22.793454,1.446969292682793,94.29934106960991,52.44501830036164,66.63617706298828,43.717220306396484
Eclipse Mid,2021-04-17 01:54:07.792014,1.1003606240943262,93.41097216876439,53.24085732438618,22.163799285888672,65.33908081054688
Eclipse End,2021-04-17 04:03:52.790574,1.1834661949475471,92.27908171827983,54.277860511440416,311.90020751953125,57.669315338134766
Eclipse Begin : WASP-76 b,2020-10-24 01:50:25.089604,1.4146638057073326,78.847137493876,95.66094795104674,57.709476470947266,44.98176574707031
Eclipse Mid,2020-10-24 03:41:13.569604,1.1410424050406132,78.08186476393708,96.3710867257263,18.9229679107666,61.21010208129883
Eclipse End,2020-10-24 05:32:02.049604,1.1915910562340284,77.14376808826589,97.2525349442331,323.7470397949219,57.057220458984375
Eclipse Begin : WASP-76 b,2020-11-22 00:50:11.496004,1.2291218426653294,57.76034900828486,87.76949442033825,42.77738952636719,54.448081970214844
Eclipse Mid,2020-11-22 02:40:59.976004,1.1302283027363649,57.04829512233144,88.42341351644318,350.342041015625,62.224090576171875
Eclipse End,2020-11-22 04:31:48.456004,1.3380697309036524,56.177245460895364,89.23371664527691,306.62750244140625,48.360931396484375
Eclipse Begin : WASP-85 A b,2020-06-05 23:38:00.063046,1.1690557179143746,85.04113308566025,176.41193097313803,354.66986083984375,58.802982330322266
Eclipse Mid,2020-06-06 00:55:52.575046,1.2675748304730836,85.73026381765597,175.88641131990354,322.1554260253906,52.08358383178711
Eclipse End,2020-06-06 02:13:45.087046,1.5965867900395645,86.33147613537724,175.41193914307007,301.7957763671875,38.78032302856445
Eclipse Begin : WASP-85 A b,2021-02-21 05:47:14.284486,1.1809135202557706,95.89621183646032,105.15480286002033,15.8510160446167,57.86552810668945
Eclipse Mid,2021-02-21 07:05:06.796486,1.1910920016464703,95.21230260350974,105.79024509682019,339.3529968261719,57.09428787231445
Eclipse End,2021-02-21 08:22:59.308486,1.3690720191554406,94.4431243915108,106.5108662305236,312.1489562988281,46.9217643737793
Eclipse Begin : WASP-85 A b,2021-03-09 04:12:17.604166,1.2201280968268398,124.90237645389088,50.13620272951981,29.393083572387695,55.04338073730469
Eclipse Mid,2021-03-09 05:30:10.116166,1.1693116560914951,125.79977967426737,49.31014526502717,354.0814208984375,58.78227996826172
Eclipse End,2021-03-09 06:48:02.628166,1.27045983991842,126.61709210686945,48.56505666352987,321.73944091796875,51.91686248779297
Eclipse Begin : WASP-85 A b,2021-03-17 03:24:49.264006,1.2506923234682732,136.38501387555286,40.89138872740408,35.323787689208984,53.087833404541016
Eclipse Mid,2021-03-17 04:42:41.776006,1.1676901030562368,135.6050341468014,41.62369119997003,1.7951749563217163,58.913814544677734
Eclipse End,2021-03-17 06:00:34.288006,1.2355072293407225,134.76720451194532,42.41432372960242,327.3582763671875,54.03580856323242
Eclipse Begin : WASP-85 A b,2021-04-02 01:49:52.583686,1.3384140765522121,78.89097731145199,119.7025530555618,45.483436584472656,48.34435272216797
Eclipse Mid,2021-04-02 03:07:45.095686,1.1827617079102972,79.71976131099836,118.9399944368839,16.85394859313965,57.7232780456543
Eclipse End,2021-04-02 04:25:37.607686,1.188753088960408,80.45216219250005,118.27479835372044,340.3213806152344,57.268917083740234
Eclipse Begin : WASP-85 A b,2021-04-10 01:02:24.243526,1.3985324788791949,176.84563267193937,23.66552286762552,49.79531478881836,45.646087646484375
Eclipse Mid,2021-04-10 02:20:16.755526,1.1998572969637245,175.95754367565107,22.85630197677622,23.819501876831055,56.452964782714844
Eclipse End,2021-04-10 03:38:09.267526,1.1756027278308387,175.0488504835088,22.034196402999623,347.56390380859375,58.27998352050781
Eclipse Begin : WASP-85 A b,2021-04-18 00:14:55.903366,1.472368658222473,81.98703694334176,63.62081093042784,53.6691780090332,42.779422760009766
Eclipse Mid,2021-04-18 01:32:48.415366,1.2238936699668401,81.4919640557244,64.06649087811194,30.248414993286133,54.7920036315918
Eclipse End,2021-04-18 02:50:40.927366,1.1687283506600128,80.9140383862013,64.595825310237,355.1435546875,58.82949447631836
Eclipse Begin : WASP-131 b,2021-03-09 05:19:39.836780,1.16040192254164,79.88248904854247,49.417158199707224,109.1390380859375,59.51594543457031
Eclipse Mid,2021-03-09 07:14:34.556780,1.008705966058346,80.93765415985588,48.331630645497064,144.63890075683594,82.46685028076172
Eclipse End,2021-03-09 09:09:29.276780,1.077311178170917,81.81373466907367,47.44296879076784,248.5792236328125,68.16162872314453
Eclipse Begin : WASP-131 b,2021-03-25 04:30:48.198380,1.1270217907669646,84.81761868261461,131.2001656816225,109.59028625488281,62.535194396972656
Eclipse Mid,2021-03-25 06:25:42.918380,1.0059016148569657,83.93651458505957,132.00570201499397,167.65194702148438,83.79048156738281
Eclipse End,2021-03-25 08:20:37.638380,1.101858082899299,82.88486238297774,132.99910068578643,249.7490997314453,65.1700210571289
Eclipse Begin : WASP-131 b,2021-04-10 03:41:56.559980,1.0985696560116822,134.77975478340403,21.99427985881013,110.37138366699219,65.54331970214844
Eclipse Mid,2021-04-10 05:36:51.279980,1.0060888862217645,135.85226376944968,20.80799464757957,195.68663024902344,83.69322204589844
Eclipse End,2021-04-10 07:31:45.999980,1.1308961474163544,136.84981683709208,19.711950609021535,250.47964477539062,62.15991973876953
Eclipse Begin : WASP-131 b,2021-05-12 02:04:13.283180,1.054557607002176,156.4031208149881,2.942616473808157,113.52497100830078,71.4894027709961
Eclipse Mid,2021-05-12 03:59:08.003180,1.0154948777079265,155.5554799058603,4.0723573013783305,230.7943878173828,79.97817993164062
Eclipse End,2021-05-12 05:54:02.723180,1.2046283359790522,154.67117851740866,5.2696292699932705,251.07058715820312,56.11225509643555
Eclipse Begin : WASP-127 b,2021-02-21 03:43:54.718396,1.1663882287534013,86.95779990053065,104.33153952905168,51.942264556884766,59.020050048828125
Eclipse Mid,2021-02-21 05:53:09.118396,1.0801859234144695,86.00225069676031,105.19990032008047,337.2486572265625,67.78423309326172
Eclipse End,2021-02-21 08:02:23.518396,1.3987809482820737,84.80372649970937,106.31262180330444,291.1263122558594,45.635677337646484
Eclipse Begin : WASP-127 b,2021-03-14 01:05:57.502396,1.4422778121135233,157.67836199356682,7.70311767986477,70.3666763305664,43.895694732666016
Eclipse Mid,2021-03-14 03:15:11.902396,1.0864091652680623,156.60034679071384,8.862842805107851,27.637596130371094,66.99394226074219
Eclipse End,2021-03-14 05:24:26.302396,1.1494854830251187,155.36684769986343,10.182579346816036,310.9317626953125,60.453346252441406
Eclipse Begin : GJ 9827 b,2020-06-28 06:47:47.246739,1.5014373397303062,164.93787006168958,88.33421930400893,67.72367095947266,41.76127624511719
Eclipse Mid,2020-06-28 07:25:43.886739,1.3146131757530413,164.52939746637622,88.76030642612731,59.838104248046875,49.52418518066406
Eclipse End,2020-06-28 08:03:40.526739,1.1981075984607106,164.1015244758871,89.20159143892268,49.176998138427734,56.579368591308594
Eclipse Begin : GJ 9827 b,2020-07-04 07:52:27.427539,1.1710517563613387,81.2212917283588,168.20061012647065,44.85350799560547,58.64208221435547
Eclipse Mid,2020-07-04 08:30:24.067539,1.1142744302138257,80.91933832250953,168.47676746370166,28.1763973236084,63.82422637939453
Eclipse End,2020-07-04 09:08:20.707539,1.0910909514803617,80.59591268385618,168.7743088471754,6.291802883148193,66.42163848876953
Eclipse Begin : GJ 9827 b,2020-07-21 06:05:31.933779,1.2775782741727315,133.30026247741057,7.566699762978602,57.29359436035156,51.51129913330078
Eclipse Mid,2020-07-21 06:43:28.573779,1.1754259332613006,133.77928708324313,8.020256983033473,45.63817596435547,58.29393005371094
Eclipse End,2020-07-21 07:21:25.213779,1.1165439811942233,134.2482233213428,8.469591169812084,29.26827049255371,63.588279724121094
Eclipse Begin : GJ 9827 b,2020-07-27 07:10:12.114579,1.1049546463833468,140.72105981631557,86.25411374731368,22.73004150390625,64.82524108886719
Eclipse Mid,2020-07-27 07:48:08.754579,1.0900611588264928,140.25634506614668,86.69436133169657,359.8750305175781,66.54597473144531
Eclipse End,2020-07-27 08:26:05.394579,1.1052732578438313,139.77761003685367,87.14838752175513,337.0513000488281,64.79012298583984
Eclipse Begin : GJ 9827 b,2020-08-02 08:14:52.295379,1.116978880645105,58.514412054666025,163.22552522413477,330.53216552734375,63.543399810791016
Eclipse Mid,2020-08-02 08:52:48.935379,1.176253760110797,58.19608371898712,163.51887845348958,314.2188720703125,58.22871398925781
Eclipse End,2020-08-02 09:30:45.575379,1.2789385350442466,57.85622171539327,163.83361942943296,302.6042785644531,51.434722900390625
Eclipse Begin : GJ 9827 b,2020-08-13 05:23:16.620819,1.1558272667791785,76.66400861763745,72.1178099394403,41.75355911254883,59.90340042114258
Eclipse Mid,2020-08-13 06:01:13.260819,1.106724133185364,76.99119036680858,71.81205239066375,23.904800415039062,64.63104248046875
Eclipse End,2020-08-13 06:39:09.900819,1.0901056269391673,77.2970970661436,71.52746844286631,1.2260438203811646,66.54058837890625
Eclipse Begin : GJ 9827 b,2020-08-19 06:27:56.801619,1.0911925137608764,155.9361788003182,5.289336588209208,353.4601135253906,66.409423828125
Eclipse Mid,2020-08-19 07:05:53.441619,1.114704563337602,156.38782232401715,5.584790629637836,331.6212158203125,63.7792854309082
Eclipse End,2020-08-19 07:43:50.081619,1.1718727221678507,156.8253881250839,5.897660436309063,315.0018615722656,58.57627487182617
Eclipse Begin : GJ 9827 b,2020-08-25 07:32:36.982419,1.1990880348767101,115.78977365083438,83.70088398675838,310.6943054199219,56.50844192504883
Eclipse Mid,2020-08-25 08:10:33.622419,1.3161919777491393,115.31015146128937,84.15456549711399,300.06964111328125,49.4437141418457
Eclipse End,2020-08-25 08:48:30.262419,1.5039618427570831,114.81928239773403,84.61975663004934,292.2066345214844,41.67545700073242
Eclipse Begin : GJ 9827 b,2020-08-30 03:36:21.127059,1.2514661248566998,51.088811788032984,144.0249250411699,55.12363815307617,53.04069900512695
Eclipse Mid,2020-08-30 04:14:17.767059,1.1597006306310016,50.868797863754544,144.21907058816842,42.597625732421875,59.57485580444336
Eclipse End,2020-08-30 04:52:14.407059,1.1085939468404555,50.63639193769593,144.42551147870586,25.061979293823242,64.42799377441406
Eclipse Begin : GJ 9827 b,2020-09-11 05:45:41.488659,1.126550013673513,97.22049541526994,79.47754033585075,326.5957946777344,62.581390380859375
Eclipse Mid,2020-09-11 06:23:38.128659,1.1940375076379095,97.51894529435276,79.20173528708817,311.4068603515625,56.876495361328125
Eclipse End,2020-09-11 07:01:34.768659,1.307995819366234,97.79651630104935,78.94688488088133,300.5843505859375,49.86505889892578
Eclipse Begin : GJ 9827 b,2020-09-16 01:49:25.633299,1.41104997272196,160.5189369589358,20.240634516534477,64.62202453613281,45.12860107421875
Eclipse Mid,2020-09-16 02:27:22.273299,1.2581430977771386,160.9828458258591,19.777034927362138,55.712791442871094,52.63846206665039
Eclipse End,2020-09-16 03:05:18.913299,1.1636963642671116,161.44474366268662,19.312923117893206,43.42507553100586,59.24151611328125
Eclipse Begin : GJ 9827 b,2020-09-22 02:54:05.814099,1.142368102243972,108.69845505726452,63.87776490894362,38.41646194458008,61.08934020996094
Eclipse Mid,2020-09-22 03:32:02.454099,1.1006150881884724,108.31337895550938,64.23652140211861,19.391202926635742,65.31024169921875
Eclipse End,2020-09-22 04:09:59.094099,1.090463265777811,107.90618616622363,64.61730956834299,356.14031982421875,66.49732208251953
Eclipse Begin : GJ 9827 b,2020-10-09 01:07:10.320339,1.227852860326434,103.16893490986739,100.74472765499884,52.797000885009766,54.53102493286133
Eclipse Mid,2020-10-09 01:45:06.960339,1.1457659824305726,103.57063742554512,100.36523885754085,39.32334899902344,60.78314971923828
Eclipse End,2020-10-09 02:23:03.600339,1.102095770851736,103.95418453977898,100.00368489950999,20.608020782470703,65.14332580566406
Eclipse Begin : GJ 9827 b,2020-10-15 02:11:50.501139,1.0949032919909878,171.04341768916046,25.34363189313866,13.379447937011719,65.96863555908203
Eclipse Mid,2020-10-15 02:49:47.141139,1.0928500284901317,170.6887177671401,24.86465534863018,349.78338623046875,66.21121215820312
Eclipse End,2020-10-15 03:27:43.781139,1.1212932603910686,170.31551280441022,24.386483165939016,328.64971923828125,63.10377883911133
Eclipse Begin : GJ 9827 b,2020-10-21 03:16:30.681939,1.1377119371840563,85.12550484903839,58.92183329924981,322.9122314453125,61.516815185546875
Eclipse Mid,2020-10-21 03:54:27.321939,1.2139054771916598,84.71556337040015,59.304557206228075,308.7894287109375,55.46574020385742
Eclipse End,2020-10-21 04:32:23.961939,1.340124085915869,84.28492350333211,59.70810469875859,298.6878967285156,48.26223373413086
Eclipse Begin : GJ 9827 b,2020-11-01 00:24:55.007379,1.1305824580041,52.22274035366776,174.05189405576994,34.82825469970703,62.190032958984375
Eclipse Mid,2020-11-01 01:02:51.647379,1.095911242996002,52.47522245919871,173.87986917222915,14.660408973693848,65.85072326660156
Eclipse End,2020-11-01 01:40:48.287379,1.0921697871186606,52.70961730466621,173.72077600922123,351.0989990234375,66.29229736328125
Eclipse Begin : GJ 9827 b,2020-11-07 01:29:35.188179,1.0974301507150201,125.10039289591639,107.48551125546916,343.6271667480469,65.67445373535156
Eclipse Mid,2020-11-07 02:07:31.828179,1.1346029418616905,125.47729253795437,107.12457386725353,323.86053466796875,61.80753707885742
Eclipse End,2020-11-07 02:45:28.468179,1.2084443604275283,125.8340591127912,106.78371246215991,309.4624938964844,55.843814849853516
Eclipse Begin : GJ 9827 b,2020-11-13 02:34:15.368979,1.2422522855100642,150.26419613448346,30.379179446614817,305.73663330078125,53.60923767089844
Eclipse Mid,2020-11-13 03:12:12.008979,1.3856264514821555,149.7390857869256,29.886819550035646,296.4510498046875,46.194618225097656
Eclipse End,2020-11-13 03:50:08.648979,1.616056399122127,149.2165268304602,29.396574666134182,289.417724609375,38.227848052978516
Eclipse Begin : GJ 9827 b,2020-11-30 00:47:19.875219,1.150545670293249,72.83376680043854,176.58090353187828,319.4769287109375,60.3603401184082
Eclipse Mid,2020-11-30 01:25:16.515219,1.2360189843738647,73.06438035582374,176.80266722335165,306.3510437011719,54.00312423706055
Eclipse End,2020-11-30 02:03:13.155219,1.3756433025043688,73.27946934931873,177.00852737558407,296.903564453125,46.62985610961914
Eclipse Begin : GJ 9827 c,2020-07-21 07:51:46.776318,1.0941056853379019,134.61429320753075,8.823497464126499,12.282492637634277,66.06248474121094
Eclipse Mid,2020-07-21 08:46:31.704318,1.1028388191652303,135.24964035892887,9.443089259032366,338.80194091796875,65.06012725830078
Eclipse End,2020-07-21 09:41:16.632318,1.1789398650554088,135.84791323101126,10.031128702660743,313.7571716308594,58.018558502197266
Eclipse Begin : GJ 9827 c,2020-08-01 06:31:33.181758,1.1242033310330435,72.60224430915127,150.17903681180826,32.523136138916016,62.812843322753906
Eclipse Mid,2020-08-01 07:26:18.109758,1.0901037361564927,72.17539291909152,150.56872989723644,1.2519009113311768,66.54081726074219
Eclipse End,2020-08-01 08:21:03.037758,1.1194818340088177,71.70383529166492,151.00315566222505,329.41119384765625,63.28712844848633
Eclipse Begin : GJ 9827 c,2020-08-12 05:11:19.587198,1.187596034771088,64.50329933635734,83.38696190256611,47.63529586791992,57.35586929321289
Eclipse Mid,2020-08-12 06:06:04.515198,1.1059528531349885,64.93306077871512,82.98679494087293,23.401472091674805,64.71543884277344
Eclipse End,2020-08-12 07:00:49.443198,1.0926451393663124,65.3202323415228,82.62895276646216,350.1447448730469,66.235595703125
Eclipse Begin : GJ 9827 c,2020-08-23 03:51:05.992638,1.2940222529045355,146.41601255674493,54.81506482520885,58.48587417602539,50.60457229614258
Eclipse Mid,2020-08-23 04:45:50.920638,1.152530545634507,145.77552223674832,55.42428853608396,40.996097564697266,60.1873779296875
Eclipse End,2020-08-23 05:40:35.848638,1.0947310790833136,145.09812683394395,56.069300973031964,13.153982162475586,65.98886108398438
Eclipse Begin : GJ 9827 c,2020-11-15 01:36:01.767678,1.1345371705719625,121.69487922413273,4.07662159499246,323.880615234375,61.8137321472168
Eclipse Mid,2020-11-15 02:30:46.695678,1.2555833425592267,120.957487846482,3.6569132580491517,304.5096740722656,52.79172134399414
Eclipse End,2020-11-15 03:25:31.623678,1.5004347853868303,120.19663916742559,3.3171259306622884,292.3102111816406,41.795467376708984
Eclipse Begin : GJ 9827 d,2020-06-30 08:11:35.389749,1.1643957311679527,137.07349916879244,115.59447939182931,43.574851989746094,59.183738708496094
Eclipse Mid,2020-06-30 08:48:16.429749,1.112116558194101,136.64890458483973,115.99424972450318,27.065858840942383,64.05131530761719
Eclipse End,2020-06-30 09:24:57.469749,1.0909128981326701,136.20735785995174,116.41043048603507,5.73824405670166,66.44307708740234
Eclipse Begin : GJ 9827 d,2020-07-31 08:22:10.343349,1.116370269265993,85.1143620446945,138.49874959205945,330.8155212402344,63.60623550415039
Eclipse Mid,2020-07-31 08:58:51.383349,1.172517949097832,84.74064836605817,138.84712366839688,314.88214111328125,58.52470779418945
Eclipse End,2020-07-31 09:35:32.423349,1.2686066509052585,84.34710920387879,139.21546784669232,303.4111022949219,52.02379608154297
Eclipse Begin : GJ 9827 d,2020-08-25 03:42:38.306229,1.2961868471402227,118.32074319611654,81.32784858574045,58.63472366333008,50.48821258544922
Eclipse Mid,2020-08-25 04:19:19.346229,1.189611309283057,117.96842939653439,81.65533719618885,47.94120788574219,57.20466613769531
Eclipse End,2020-08-25 04:56:00.386229,1.1256972011634212,117.59529786510494,82.00338969054309,33.089027404785156,62.665184020996094
Eclipse Begin : GJ 9827 d,2020-09-25 03:53:13.259829,1.0900884027388107,67.22379603106036,102.5385662381495,359.2641296386719,66.54267120361328
Eclipse Mid,2020-09-25 04:29:54.299829,1.105054318136334,66.92737626482986,102.80869316759463,337.21221923828125,64.81424713134766
Eclipse End,2020-09-25 05:06:35.339829,1.150131179961513,66.6107337360639,103.09907131897762,319.5794677734375,60.39664840698242
Eclipse Begin : WASP-107 b,2021-02-15 04:02:32.080005,1.634089764961516,168.12123284530185,39.30299207813562,83.86276245117188,37.731468200683594
Eclipse Mid,2021-02-15 05:25:07.120005,1.2049033343986424,168.50840080265445,40.14811848574739,70.68893432617188,56.09278869628906
Eclipse End,2021-02-15 06:47:42.160005,1.0522671415907767,168.83266119211984,41.03971782876397,39.644561767578125,71.8656005859375
Eclipse Begin : WASP-107 b,2021-04-19 02:30:56.176005,1.0610296408863698,87.52409927178614,75.60693808576707,45.0788688659668,70.47242736816406
Eclipse Mid,2021-04-19 03:53:31.216005,1.0389845829725897,86.86389191959918,76.20439857948242,334.6348876953125,74.25484466552734
Eclipse End,2021-04-19 05:16:06.256005,1.1523827761836145,86.10382042122185,76.90368581789296,293.9552917480469,60.20020294189453
Eclipse Begin : WASP-107 b,2021-05-11 23:46:43.120005,1.2057314395283827,138.50789976385408,1.8173648932585522,70.75181579589844,56.0342903137207
Eclipse Mid,2021-05-12 01:09:18.160005,1.0525000391873796,137.73966492263366,2.454716323413872,39.82492446899414,71.8269271850586
Eclipse End,2021-05-12 02:31:53.200005,1.0441102199268275,136.89093479450955,3.2033006029407076,327.6782531738281,73.28620910644531
Eclipse Begin : HD 106315 b,2021-02-22 04:29:30.846574,1.3277888540232168,94.01510550009648,115.80838276019703,59.3447151184082,48.862396240234375
Eclipse Mid,2021-02-22 06:22:45.848014,1.101796134598323,93.1635985045081,116.5826948739752,14.609356880187988,65.17698669433594
Eclipse End,2021-02-22 08:16:00.849454,1.1838985396071988,92.12044226237958,117.54888348828375,314.830810546875,57.63627243041992
Eclipse Begin : HD 106315 b,2021-04-30 01:17:24.222574,1.1430179971507135,78.14385349529681,138.15054791022868,36.123905181884766,61.0304069519043
Eclipse Mid,2021-04-30 03:10:39.224014,1.1191692545128298,79.24506473766702,137.1289123735489,332.91302490234375,63.31894302368164
Eclipse End,2021-04-30 05:03:54.225454,1.4323909929508738,80.15112158393545,136.30144057158256,295.6750793457031,44.27743911743164
Eclipse Begin : HD 106315 c,2021-03-22 02:21:02.311996,1.4097240663162103,87.10549902034384,94.8029390843345,63.42275619506836,45.18275833129883
Eclipse Mid,2021-03-22 04:40:10.711996,1.0985580188300899,86.12626165939336,95.68752920633796,10.186785697937012,65.5446548461914
Eclipse End,2021-03-22 06:59:19.111996,1.2731054313817758,84.86248469702166,96.85661680151844,304.4669189453125,51.76517868041992
Eclipse Begin : WASP-80 b,2020-06-30 03:07:27.280852,1.6151905688615031,91.85024374291527,113.00569905155788,71.90977478027344,38.252044677734375
Eclipse Mid,2020-06-30 04:11:23.082292,1.2771588843187163,91.40943109253656,113.44589150341399,59.15131378173828,51.534969329833984
Eclipse End,2020-06-30 05:15:18.883732,1.1271801873397524,90.91142810471698,113.93695583639216,37.37051010131836,62.51970672607422
Eclipse Begin : WASP-80 b,2020-07-03 04:45:09.723028,1.1575025259676288,51.3064063755614,153.90060687625854,45.00606155395508,59.76063537597656
Eclipse Mid,2020-07-03 05:49:05.524468,1.0865770588049355,50.923730489118114,154.27916657116342,12.479158401489258,66.97309875488281
Eclipse End,2020-07-03 06:53:01.325908,1.1033213613436703,50.49228377694651,154.70024635083084,332.7183532714844,65.00630187988281
Eclipse Begin : WASP-80 b,2020-08-12 01:55:21.471316,1.1835793245639024,109.3832329852155,85.15348735352524,49.505775451660156,57.66066360473633
Eclipse Mid,2020-08-12 02:59:17.272756,1.0932080141856093,110.00601917252139,84.52501361049161,20.12025260925293,66.16868591308594
Eclipse End,2020-08-12 04:03:13.074196,1.0933059512724994,110.57589457930558,83.94457448626139,339.7927551269531,66.15707397460938
Eclipse Begin : WASP-80 b,2020-08-15 03:33:03.913492,1.0846691450193666,143.25891583476067,50.167750616710755,351.1207275390625,67.21138000488281
Eclipse Mid,2020-08-15 04:36:59.714932,1.1471930494181,143.83457216396144,49.469478224670894,317.215576171875,60.65596008300781
Eclipse End,2020-08-15 05:40:55.516372,1.324739776378749,144.35686013653415,48.81716550973303,297.8205261230469,49.01359558105469
Eclipse Begin : WASP-80 b,2021-05-18 06:06:43.709332,1.5480258154754074,157.94772338969736,70.88607013966055,70.39179229736328,40.239498138427734
Eclipse Mid,2021-05-18 07:10:39.510772,1.2469897661303218,157.82912621645647,71.5667904211137,56.738651275634766,53.31491470336914
Eclipse End,2021-05-18 08:14:35.312212,1.1151736832764303,157.65348192581718,72.28028999779796,33.019187927246094,63.73038864135742
Eclipse Begin : WASP-80 b,2021-05-21 07:44:26.151508,1.1411787878023203,131.51720855414808,108.13184958735131,41.337059020996094,61.19764709472656
Eclipse Mid,2021-05-21 08:48:21.952948,1.0837998094103443,130.86628167112096,108.82338263143568,6.599698066711426,67.3210220336914
Eclipse End,2021-05-21 09:52:17.754388,1.1129295743518706,130.16317134469355,109.5568511190708,327.9316101074219,63.96543884277344
Eclipse Begin : WASP-84 b,2021-01-15 04:05:47.935981,1.2390293631658167,159.57544106473074,24.736477778438477,46.796260833740234,53.81193923950195
Eclipse Mid,2021-01-15 05:28:15.199981,1.1205786787751462,159.165426244296,25.70461346915076,10.760170936584473,63.17589569091797
Eclipse End,2021-01-15 06:50:42.463981,1.161237814014268,158.67058681762444,26.69516915061256,327.5538024902344,59.44595718383789
Eclipse Begin : WASP-166 b,2021-01-01 03:54:24.920007,1.5988618461059647,47.11969555406443,155.32223141560857,98.02044677734375,38.71485137939453
Eclipse Mid,2021-01-01 05:42:24.920007,1.119822623959343,46.79593023685711,154.78048685258508,88.24520874023438,63.252498626708984
Eclipse End,2021-01-01 07:30:24.920007,1.0023211986329155,46.42152474803713,154.27268344100906,24.746564865112305,86.09991455078125
Eclipse Begin : WASP-166 b,2021-02-19 03:42:41.624007,1.0164989458413534,99.6449184253431,82.51228105994397,72.04036712646484,79.66283416748047
Eclipse Mid,2021-02-19 05:30:41.624007,1.0384058355601242,98.87193231405355,83.33165845113045,279.78973388671875,74.3685073852539
Eclipse End,2021-02-19 07:18:41.624007,1.30881103979983,97.95439917593771,84.30853340612525,265.9654235839844,49.82274627685547
Eclipse Begin : WASP-166 b,2021-03-02 01:00:05.336007,1.2574988368134674,55.65229940629522,142.62121290381836,92.94110870361328,52.67692565917969
Eclipse Mid,2021-03-02 02:48:05.336007,1.0256044524841417,56.31329867021775,141.66897077024475,76.63843536376953,77.17040252685547
Eclipse End,2021-03-02 04:36:05.336007,1.0266952211418432,56.8196329970107,140.88389519727528,282.96795654296875,76.90579223632812
Eclipse Begin : K2-290 b,2021-05-05 01:40:53.758557,1.6492307116943619,92.62782688715649,74.5561348873047,97.4505844116211,37.325565338134766
Eclipse Mid,2021-05-05 04:09:41.759997,1.0568419892301462,94.26836591673883,73.01867740518315,80.62797546386719,71.12298583984375
Eclipse End,2021-05-05 06:38:29.761437,1.0437846724987179,95.63256786388982,71.75742913464748,281.69879150390625,73.3458251953125
Eclipse Begin : HR 858 b,2020-09-30 05:53:09.599992,1.0367882004560358,52.685594451371635,161.09207763303755,117.01051330566406,74.6912612915039
Eclipse Mid,2020-09-30 07:14:26.879992,1.0081301622996675,52.48671778336061,161.55835064345425,212.12632751464844,82.71849060058594
Eclipse End,2020-09-30 08:35:44.159992,1.084777782996895,52.225649977091386,162.0937200946543,248.9081268310547,67.1977310180664
Eclipse Begin : HR 858 b,2020-10-18 04:12:17.279992,1.0753590106396052,136.55119271134762,19.224889490844788,111.666748046875,68.42266082763672
Eclipse Mid,2020-10-18 05:33:34.559992,1.0068133564653923,136.26290283436302,20.29944475645398,156.80885314941406,83.33056640625
Eclipse End,2020-10-18 06:54:51.839992,1.042887768913467,135.92711760188698,21.384084337577228,244.42930603027344,73.51134490966797
Eclipse Begin : HR 858 b,2020-11-05 02:31:24.959992,1.1326183129560652,73.6176831794584,129.86427741422338,109.57905578613281,61.99540710449219
Eclipse Mid,2020-11-05 03:52:42.239992,1.0193548780580153,74.15057422220355,129.32095600185357,125.40998840332031,78.81696319580078
Eclipse End,2020-11-05 05:13:59.519992,1.0173166571101635,74.60885218741262,128.86482808402113,232.6447296142578,79.41332244873047
Eclipse Begin : HR 858 b,2020-11-23 00:50:32.639992,1.213152375592827,57.558386285462326,99.29553656582215,108.99048614501953,55.517459869384766
Eclipse Mid,2020-11-23 02:11:49.919992,1.046582703092259,57.3558594817822,99.71345671121276,114.8740234375,72.84117889404297
Eclipse End,2020-11-23 03:33:07.199992,1.0062987034539383,57.10516558393215,100.19718699188202,197.46878051757812,83.5860366821289
Eclipse Begin : HR 858 b,2021-01-05 01:36:27.071992,1.034797177309693,133.1203064707994,106.65264213228411,242.39772033691406,75.09930419921875
Eclipse Mid,2021-01-05 02:57:44.351992,1.1805106782920491,133.59817552344035,105.83638078467185,250.90859985351562,57.89666748046875
Eclipse End,2021-01-05 04:19:01.631992,1.5421709630170612,133.9887188223119,105.11236974692657,249.6374969482422,40.423828125
Eclipse Begin : HR 858 d,2020-10-17 02:40:11.999990,1.3497003423977634,139.71559524653074,5.6800880071791715,109.34376525878906,47.8085823059082
Eclipse Mid,2020-10-17 04:23:13.919990,1.064808719563086,139.80173583268373,6.696954618326154,112.52165222167969,69.90692901611328
Eclipse End,2020-10-17 06:06:15.839990,1.00778667648676,139.83121513210233,7.834874496563116,210.19992065429688,82.87295532226562
Eclipse Begin : HR 858 d,2020-12-01 00:44:59.999990,1.142260286850679,62.174655798317644,172.1480626522222,109.43699645996094,61.0991325378418
Eclipse Mid,2020-12-01 02:28:01.919990,1.0103321462639845,62.74721074100043,171.5580223814033,139.4705047607422,81.79891204833984
Eclipse End,2020-12-01 04:11:03.839990,1.0538706915905909,63.22554817869353,171.071642494304,246.2401885986328,71.60127258300781
Eclipse Begin : TOI-125 c,2020-08-23 05:50:43.583992,1.4699951815467347,107.45844550168157,56.19203070566972,162.1039581298828,42.86508560180664
Eclipse Mid,2020-08-23 07:19:21.503992,1.3594816632233915,107.09847828245012,57.300423512452745,172.8282012939453,47.35578155517578
Eclipse End,2020-08-23 08:47:59.423992,1.3542453963035945,106.7182134368484,58.443751610934825,185.8421630859375,47.59687805175781
Eclipse Begin : TOI-125 c,2020-10-17 03:31:49.439992,1.3674313233233004,106.54854988042877,6.167561739994485,171.2562713623047,46.99533462524414
Eclipse Mid,2020-10-17 05:00:27.359992,1.3494752320717196,106.14158991894507,7.099785095146649,184.19918823242188,47.81912612915039
Eclipse End,2020-10-17 06:29:05.279992,1.4337020932527613,105.71069059726617,8.092740392404101,195.76712036132812,44.22636795043945
Eclipse Begin : TOI-125 c,2020-12-11 01:12:55.295992,1.3463498064703974,106.37061314995026,50.2582513146478,182.53909301757812,47.96611785888672
Eclipse Mid,2020-12-11 02:41:33.215992,1.4168457163532753,105.95839094895683,49.11708687444003,194.49978637695312,44.89365768432617
Eclipse End,2020-12-11 04:10:11.135992,1.6108061088802095,105.52403744173414,48.00600635748875,202.3994903564453,38.37510299682617
Eclipse Begin : GJ 143 b,2020-10-11 05:18:02.161437,1.336066798330203,104.09758074054223,74.92355916574154,165.05340576171875,48.45763397216797
Eclipse Mid,2020-10-11 06:54:56.159997,1.283434385334127,104.46601484054307,74.16365379504266,181.29376220703125,51.183677673339844
Eclipse End,2020-10-11 08:31:50.158557,1.3552337829064682,104.75511672584936,73.53264610407044,196.956787109375,47.551143646240234
Eclipse Begin : K2-233 c,2020-07-25 00:14:23.278567,1.0069455677904928,55.843293977033426,55.77435970570699,308.83709716796875,83.26654052734375
Eclipse Mid,2020-07-25 01:33:53.280007,1.0941052668211866,55.152336345228974,56.4022273852418,275.26934814453125,66.06253051757812
Eclipse End,2020-07-25 02:53:23.281447,1.3463976220366547,54.376117679001645,57.121991768419896,266.46826171875,47.963863372802734
Eclipse Begin : K2-233 c,2021-04-05 05:18:24.046567,1.113148100153326,62.96103702430233,79.03818369152584,86.079345703125,63.942420959472656
Eclipse Mid,2021-04-05 06:37:54.048007,1.0111141586784418,63.6585789712384,78.3969585812908,61.0410041809082,81.49695587158203
Eclipse End,2021-04-05 07:57:24.049447,1.0219431829336068,64.26282634944228,77.84894520170505,288.9070129394531,78.10527801513672
Eclipse Begin : K2-233 c,2021-04-12 06:46:50.734567,1.0030409688692943,150.91477709791127,4.354563297852667,345.2293395996094,85.53733825683594
Eclipse Mid,2021-04-12 08:06:20.736007,1.0640818971046306,151.76536201114038,4.871685187119514,278.2460632324219,70.01419067382812
Eclipse End,2021-04-12 09:25:50.737447,1.27008668519063,152.56400214807246,5.396746155059232,268.0614318847656,51.93834686279297
Eclipse Begin : K2-233 b,2020-06-15 03:30:03.958569,1.033834605802541,141.6457618463221,68.7858147117437,284.0704650878906,75.30111694335938
Eclipse Mid,2020-06-15 04:29:08.160009,1.1328015713117119,142.2241053183724,68.23650753506759,272.7998962402344,61.97798538208008
Eclipse End,2020-06-15 05:28:12.361449,1.334704684572978,142.76482419732162,67.72752372679997,266.6877746582031,48.5236701965332
Eclipse Begin : K2-233 b,2020-06-20 01:56:21.046569,1.0043212313914782,158.72629927585947,14.566661690143611,36.260772705078125,84.68306732177734
Eclipse Mid,2020-06-20 02:55:25.248009,1.0202371868824924,158.02294562132784,13.899400796914628,289.94281005859375,78.56903839111328
Eclipse End,2020-06-20 03:54:29.449449,1.099953332806661,157.30843520113564,13.217687162306682,274.8250732421875,65.38533020019531
Eclipse Begin : K2-233 b,2020-06-25 00:22:38.134569,1.0688913387753625,94.28747312431318,45.67249801982184,82.3292236328125,69.31698608398438
Eclipse Mid,2020-06-25 01:21:42.336009,1.0094847230578776,93.76256671581827,46.15154714693989,58.04344177246094,82.1396713256836
Eclipse End,2020-06-25 02:20:46.537449,1.0106471904360257,93.18586208765812,46.68378703574218,299.7601013183594,81.67589569091797
Eclipse Begin : K2-233 b,2021-02-24 07:03:43.990569,1.267005524738772,117.46932336537822,140.1643955341228,91.8617935180664,52.11664962768555
Eclipse Mid,2021-02-24 08:02:48.192009,1.098368137779402,116.9600268457475,140.63529869092815,85.06270599365234,65.56644439697266
Eclipse End,2021-02-24 09:01:52.393449,1.0196264405784112,116.39735533272903,141.15878396810757,69.67259979248047,78.74003601074219
Eclipse Begin : K2-233 b,2021-04-07 05:47:09.238569,1.050142735355353,89.30676142184204,54.70812644987124,79.6712646484375,72.222900390625
Eclipse Mid,2021-04-07 06:46:13.440009,1.0048097213942389,89.86851266843796,54.19059943328704,40.388240814208984,84.39173126220703
Eclipse End,2021-04-07 07:45:17.641449,1.0186665537712951,90.38052149926439,53.722414334734836,290.9802551269531,79.01451873779297
Eclipse Begin : K2-233 b,2021-04-12 04:13:26.326569,1.2146364895627515,149.20590935151432,3.596933131245384,90.4417953491211,55.41566467285156
Eclipse Mid,2021-04-12 05:12:30.528009,1.0722441978080648,149.8668086347199,3.829890834341107,82.7175064086914,68.8475112915039
Eclipse End,2021-04-12 06:11:34.729449,1.0104958782907982,150.52608557892853,4.141945174570661,60.00526428222656,81.7347412109375
Eclipse Begin : K2-233 b,2021-04-17 02:39:43.414569,1.6033371102415352,152.74217726366763,53.57731684477266,97.04523468017578,38.58677291870117
Eclipse Mid,2021-04-17 03:38:47.616009,1.2690000611951298,152.21878076173584,54.05853680636747,91.9124755859375,52.00104904174805
Eclipse End,2021-04-17 04:37:51.817449,1.0993747562194611,151.64690482880295,54.58834837350647,85.14118957519531,65.45122528076172
Eclipse Begin : K2-233 b,2021-05-14 06:04:17.398569,1.0699527182920556,153.3460266782139,26.607983192638912,277.5368957519531,69.16696166992188
Eclipse Mid,2021-05-14 07:03:21.600009,1.2099660787028488,152.660089234926,27.255802164502615,269.7018127441406,55.737754821777344
Eclipse End,2021-05-14 08:02:25.801449,1.485823769974761,151.9795476175114,27.899595562119032,264.314697265625,42.3011474609375
Eclipse Begin : K2-233 b,2021-05-19 04:30:34.486569,1.0044662848760226,93.67647548223134,81.67741857166898,322.3479309082031,84.59489440917969
Eclipse Mid,2021-05-19 05:29:38.688009,1.0483016997233106,93.09843847295824,82.21412281026107,280.658447265625,72.53946685791016
Eclipse End,2021-05-19 06:28:42.889449,1.1647716927487404,92.47391360605707,82.79815999149032,271.315185546875,59.15275192260742
Eclipse Begin : HD 21749 c,2020-11-20 00:56:17.734548,1.5594860621000235,76.86831814640057,63.72264302943256,154.04034423828125,39.88411331176758
Eclipse Mid,2020-11-20 02:11:44.735988,1.377953744081381,76.80677125602138,64.28496233965188,161.1750030517578,46.528255462646484
Eclipse End,2020-11-20 03:27:11.737428,1.2952211495755999,76.71489853878496,64.93207562611148,172.3926544189453,50.540042877197266
Eclipse Begin : TOI-270 b,2020-09-10 06:15:52.486576,1.5438645322678377,74.71104350565844,90.69700837453651,138.3016815185547,40.37031173706055
Eclipse Mid,2020-09-10 06:57:29.088016,1.3776918098240636,74.84819967950193,90.4463450083122,140.7998046875,46.53974914550781
Eclipse End,2020-09-10 07:39:05.689456,1.2644987834621246,74.97783971215749,90.21712923596554,145.3123016357422,52.26287841796875
Eclipse Begin : TOI-270 b,2020-10-17 05:19:32.518576,1.2518153990917542,112.09957415084996,7.310759827751584,146.1531219482422,53.01945495605469
Eclipse Mid,2020-10-17 06:01:09.120016,1.181753066570832,112.17300758538981,7.777196931201661,153.74444580078125,57.800785064697266
Eclipse End,2020-10-17 06:42:45.721456,1.1409893734034173,112.23726003258817,8.247210747008513,164.5081024169922,61.21495056152344
Eclipse Begin : TOI-270 b,2020-11-13 02:27:39.814576,1.4427785397666524,111.56273354289033,30.46472332951243,139.4957733154297,43.87656784057617
Eclipse Mid,2020-11-13 03:09:16.416016,1.3086818593805982,111.67638272203212,29.924756404857835,143.05374145507812,49.829444885253906
Eclipse End,2020-11-13 03:50:53.017456,1.2184237799717128,111.78421601845416,29.387060910995466,148.97604370117188,55.15818786621094
Eclipse Begin : TOI-270 b,2020-11-23 04:23:12.550576,1.137332658239746,77.06130625632176,100.53571594064782,166.28240966796875,61.55205154418945
Eclipse Mid,2020-11-23 05:04:49.152016,1.1251994087625263,77.0004288507633,100.84238664117267,179.8373565673828,62.71426010131836
Eclipse End,2020-11-23 05:46:25.753456,1.1367790916913645,76.92367872770868,101.17252060251793,193.42359924316406,61.60359191894531
Eclipse Begin : TOI-270 b,2020-12-03 06:18:45.286576,1.2167759779757055,83.94647688714937,147.51641039294137,210.8510284423828,55.26980972290039
Eclipse Mid,2020-12-03 07:00:21.888016,1.3061666608304627,84.02194044586022,147.33367256242923,216.83583068847656,49.96031951904297
Eclipse End,2020-12-03 07:41:58.489456,1.439076558282618,84.08653318753501,147.1497149646693,220.44134521484375,44.018455505371094
Eclipse Begin : TOI-270 b,2020-12-20 01:31:19.846576,1.2084869818441983,78.67776076738636,67.69972015262559,150.05404663085938,55.84083557128906
Eclipse Mid,2020-12-20 02:12:56.448016,1.1555929133642227,78.62728920276778,67.99073211444653,159.418701171875,59.92345428466797
Eclipse End,2020-12-20 02:54:33.049456,1.1293422779045024,78.56227824552934,68.30564780452139,171.80506896972656,62.30955505371094
Eclipse Begin : TOI-270 b,2020-12-30 03:26:52.582576,1.1404256352237763,82.24193295778892,177.569665292442,195.20602416992188,61.266544342041016
Eclipse Mid,2020-12-30 04:08:29.184016,1.1805787564418497,82.33548007192005,177.50706712939132,206.03831481933594,57.89140319824219
Eclipse End,2020-12-30 04:50:05.785456,1.2499014859959674,82.41635566278049,177.4444770261171,213.69833374023438,53.13612365722656
Eclipse Begin : TOI-270 b,2021-02-05 02:30:32.614576,1.2625782541444155,110.90404732020528,84.60991894876906,214.5489959716797,52.37563705444336
Eclipse Mid,2021-02-05 03:12:09.216016,1.37479492363608,110.83357027150308,84.14140938407637,219.11253356933594,46.66729736328125
Eclipse End,2021-02-05 03:53:45.817456,1.5395700450749965,110.75237289749185,83.6949980950862,221.64932250976562,40.506324768066406
Eclipse Begin : TOI-270 c,2020-11-17 01:43:20.785432,1.5694816325034828,104.78914547215932,24.983327353717648,138.10873413085938,39.579856872558594
Eclipse Mid,2020-11-17 02:33:05.183992,1.3682340477087922,104.7012482204442,25.541328323880396,141.04946899414062,46.95930480957031
Eclipse End,2020-11-17 03:22:49.582552,1.2413426805538141,104.59854182205014,26.131420980122844,146.9354705810547,53.66624069213867
Eclipse Begin : TOI-270 c,2020-12-04 01:15:17.367832,1.405071884377545,87.50676612216272,137.63090124506894,140.1856689453125,45.374000549316406
Eclipse Mid,2020-12-04 02:05:01.766392,1.2643201531124324,87.73450723708085,137.23815948442478,145.3332061767578,52.27334213256836
Eclipse End,2020-12-04 02:54:46.164952,1.1787849271108028,87.94346663521776,136.88211507513225,154.2672882080078,58.03062057495117
Eclipse Begin : TOI-270 d,2020-10-18 05:19:27.839981,1.2439249734389841,111.66019116558756,20.11122634422025,146.73106384277344,53.50482940673828
Eclipse Mid,2020-10-18 06:23:54.239981,1.152561929597868,111.67366108891143,20.971944652735747,160.286376953125,60.18465805053711
Eclipse End,2020-10-18 07:28:20.639981,1.1251849253480626,111.66295692153577,21.825856560379947,180.50921630859375,62.71569061279297
Eclipse Begin : TOI-270 d,2020-12-14 02:56:28.319981,1.1398995551218225,106.53454422020378,8.013649951897786,165.02857971191406,61.31481170654297
Eclipse Mid,2020-12-14 04:00:54.719981,1.1274661944979916,106.36360371658374,7.166516945382325,186.09085083007812,62.49177551269531
Eclipse End,2020-12-14 05:05:21.119981,1.1730472573806892,106.16258078628842,6.313037059957502,204.66407775878906,58.482505798339844
Eclipse Begin : LTT 1445 A b,2020-09-22 04:26:55.967988,1.4225696990711054,140.6251589029485,64.7942779818056,89.22541046142578,44.6644287109375
Eclipse Mid,2020-09-22 05:08:15.647988,1.235048674616685,140.35837991299894,65.24270629451374,84.2750015258789,54.06513595581055
Eclipse End,2020-09-22 05:49:35.327988,1.118723250889184,140.07379999191923,65.71324408322884,77.48643493652344,63.36443328857422
Eclipse Begin : LTT 1445 A b,2020-10-08 06:17:02.111988,1.0128813196985262,56.16335787740224,109.66224471499348,28.318735122680664,80.85255432128906
Eclipse Mid,2020-10-08 06:58:21.791988,1.0147693060641714,56.39139696760206,109.45393459908558,324.91754150390625,80.21271514892578
Eclipse End,2020-10-08 07:39:41.471988,1.0467502524915562,56.60256190593385,109.26056047531821,295.0888977050781,72.81150817871094
Eclipse Begin : LTT 1445 A b,2020-11-04 01:20:32.351988,1.533078674661904,51.86091274993841,141.5637012155247,91.03083801269531,40.71389389038086
Eclipse Mid,2020-11-04 02:01:52.031988,1.3029799389484877,52.16368605873128,141.26398990526727,86.49725341796875,50.12737274169922
Eclipse End,2020-11-04 02:43:11.711988,1.1607694106460245,52.44832670440068,140.98902757758606,80.67548370361328,59.485145568847656
Eclipse Begin : LTT 1445 A b,2020-11-20 03:10:38.495988,1.0208302400881388,92.29108639219693,64.78278564696554,47.262451171875,78.40557098388672
Eclipse Mid,2020-11-20 03:51:58.175988,1.0104205652234548,91.96021447036276,65.16300660591644,349.8858947753906,81.76419067382812
Eclipse End,2020-11-20 04:33:17.855988,1.0294738317683605,91.60427142260217,65.56757361008414,303.9349365234375,76.2567367553711
Eclipse Begin : LTT 1445 A b,2020-12-06 05:00:44.639988,1.1953397381746405,105.31810465309435,112.04534625714342,277.42767333984375,56.78095245361328
Eclipse Mid,2020-12-06 05:42:04.319988,1.3585757896557857,105.5861673622959,111.77867750600856,272.0948181152344,47.39727783203125
Eclipse End,2020-12-06 06:23:23.999988,1.624936474792516,105.83114430213004,111.53169129620217,267.7774658203125,37.98162078857422
Eclipse Begin : LTT 1445 A b,2021-01-18 01:54:21.023988,1.1469090970873586,47.278760872968,58.63582635496586,280.23260498046875,60.68120574951172
Eclipse Mid,2021-01-18 02:35:40.703988,1.2806600392522987,47.038563772024375,58.94578311135588,274.153076171875,51.33822250366211
Eclipse End,2021-01-18 03:17:00.383988,1.4965866225075288,46.7748570137456,59.2792477915786,269.5069885253906,41.927303314208984
Eclipse Begin : Wolf 503 b,2020-06-06 23:52:48.790558,1.14395922796047,65.96794746462713,163.40689533140937,54.617347717285156,60.94536590576172
Eclipse Mid,2020-06-07 00:32:26.591998,1.0824561681249407,66.34383485109842,163.06446962443954,37.434844970703125,67.49182891845703
Eclipse End,2020-06-07 01:12:04.393438,1.0558039271407305,66.69473815469979,162.7465238074699,11.228944778442383,71.28843688964844
Eclipse Begin : Wolf 503 b,2020-06-12 23:54:30.742558,1.1003107773183969,142.60456959402478,92.55045162094338,44.58546829223633,65.34473419189453
Eclipse Mid,2020-06-13 00:34:08.543998,1.0617845341934358,143.04840769605855,92.13395051057928,21.74787139892578,70.35789489746094
Eclipse End,2020-06-13 01:13:46.345438,1.05496304540947,143.48151172696782,91.72814838249799,351.4302978515625,71.42374420166016
Eclipse Begin : Wolf 503 b,2020-06-18 23:56:12.694558,1.0718713685030343,146.39873103752046,27.268780683367435,31.13332748413086,68.89907836914062
Eclipse Mid,2020-06-19 00:35:50.495998,1.0539301749656695,145.96197475652914,26.857548602527025,2.7001209259033203,71.591552734375
Eclipse End,2020-06-19 01:15:28.297438,1.0665370549382158,145.51104300786227,26.432416170550532,333.1869812011719,69.65463256835938
Eclipse Begin : Wolf 503 b,2020-06-24 23:57:54.646558,1.0568546789381479,67.94692320419617,45.48735839196021,13.796595573425293,71.12097930908203
Eclipse Mid,2020-06-25 00:37:32.447998,1.0584291598525264,67.61847540338938,45.78842398817504,343.1496887207031,70.87330627441406
Eclipse End,2020-06-25 01:17:10.249438,1.0912116429229772,67.26671285290077,46.11289346560746,318.67755126953125,66.4071273803711
Eclipse Begin : Wolf 503 b,2020-07-07 00:01:18.550558,1.064252270510631,101.30058907723466,156.63956638084494,335.4332275390625,69.98898315429688
Eclipse Mid,2020-07-07 00:40:56.351998,1.1063126589460024,101.65312179809045,156.31071719481295,313.5764465332031,64.67601776123047
Eclipse End,2020-07-07 01:20:34.153438,1.187041732938738,101.98183012890816,156.00596269249448,299.6647644042969,57.39765548706055
Eclipse Begin : Wolf 503 b,2020-07-13 00:03:00.502558,1.0871053540726572,174.313547432054,89.36321730841489,320.3919982910156,66.90767669677734
Eclipse Mid,2020-07-13 00:42:38.303998,1.1526791814185706,174.7549992766948,88.94789683171878,304.0086364746094,60.17448806762695
Eclipse End,2020-07-13 01:22:16.105438,1.264934952992004,175.18681761194588,88.54210890472135,293.3673095703125,52.23735809326172
Eclipse Begin : Wolf 503 b,2020-07-19 00:04:42.454558,1.124324832525834,112.64638156415363,22.176492033540168,309.0904846191406,62.80078887939453
Eclipse Mid,2020-07-19 00:44:20.255998,1.217839755340027,112.18156590727013,21.735843366411807,296.75152587890625,55.19767761230469
Eclipse End,2020-07-19 01:23:58.057438,1.370685602125568,111.70169674181182,21.281233740377214,288.3165588378906,46.84967803955078
Eclipse Begin : Wolf 503 b,2021-04-21 01:22:52.246558,1.5241121076282793,77.42689827818846,98.47486837610066,76.1114730834961,41.004608154296875
Eclipse Mid,2021-04-21 02:02:30.047998,1.3125866893522624,77.18781331636937,98.69103234898724,69.23848724365234,49.62795639038086
Eclipse End,2021-04-21 02:42:07.849438,1.181892550972752,76.93262956364892,98.92355185692402,59.78617477416992,57.7900505065918
Eclipse Begin : Wolf 503 b,2021-05-03 01:26:16.150558,1.2700054835424375,96.93498131107101,98.7277013542727,66.95370483398438,51.94302749633789
Eclipse Mid,2021-05-03 02:05:53.951998,1.1557585090348135,97.39217819413112,98.30169984088415,56.46192169189453,59.90928268432617
Eclipse End,2021-05-03 02:45:31.753438,1.0887573717168137,97.8287096827797,97.89648154673367,40.34532165527344,66.70462036132812
Eclipse Begin : Wolf 503 b,2021-05-09 01:27:58.102558,1.190760140399079,171.32776538006064,30.08884526100152,60.74103546142578,57.11897277832031
Eclipse Mid,2021-05-09 02:07:35.903998,1.108442080524691,171.77755311435962,29.673774474462125,47.04906463623047,64.44440460205078
Eclipse End,2021-05-09 02:47:13.705438,1.0651464523933574,172.2315666153301,29.254726674108753,25.526403427124023,69.8573226928711
Eclipse Begin : Wolf 503 b,2021-05-15 01:29:40.054558,1.1331647833310683,117.945024449632,34.77454166532189,52.71664810180664,61.94349670410156
Eclipse Mid,2021-05-15 02:09:17.855998,1.0768648723879006,117.59767507524582,35.098695366532375,34.42113494873047,68.22096252441406
Eclipse End,2021-05-15 02:48:55.657438,1.0545529191905343,117.22782882570772,35.44524465792945,7.046618938446045,71.49015808105469
Eclipse Begin : HD 15337 b,2020-08-06 06:12:04.464017,1.6530180700501624,49.340644705339706,149.3373425437958,106.88935089111328,37.22553634643555
Eclipse Mid,2020-08-06 07:26:46.464017,1.2414823480795945,49.16417604037914,149.0129825638974,103.6057357788086,53.65747833251953
Eclipse End,2020-08-06 08:41:28.464017,1.0625362080795158,48.98575934037636,148.6717848710416,103.2061996459961,70.24463653564453
Eclipse Begin : HD 15337 b,2020-08-25 06:47:29.904017,1.1377089861588088,133.14659136900974,83.18016919848412,102.8078384399414,61.51708984375
Eclipse Mid,2020-08-25 08:02:11.904017,1.0221333591330999,132.65977259838132,84.05349587800374,106.89734649658203,78.05477142333984
Eclipse End,2020-08-25 09:16:53.904017,1.005477410943616,132.12656369259344,84.97360866020827,239.6112060546875,84.01676177978516
Eclipse Begin : HD 15337 b,2020-10-07 02:07:12.144017,1.662413226290404,58.63487102896559,122.42607071037042,106.95100402832031,36.979923248291016
Eclipse Mid,2020-10-07 03:21:54.144017,1.2454850603183616,59.15916982273225,121.87327536675193,103.6422348022461,53.407936096191406
Eclipse End,2020-10-07 04:36:36.144017,1.06421437650927,59.633102965852494,121.40038746004757,103.16301727294922,69.99458312988281
Eclipse Begin : HD 15337 b,2020-10-26 02:42:37.584017,1.1404106703397312,57.71390632249595,119.21206510990118,102.82435607910156,61.267913818359375
Eclipse Mid,2020-10-26 03:57:19.584017,1.023068194368176,57.46200706010121,119.62085526488414,106.67667388916016,77.80977630615234
Eclipse End,2020-10-26 05:12:01.584017,1.0050831905757487,57.159990784279664,120.09208778579271,238.4361114501953,84.23515319824219
Eclipse Begin : HD 15337 b,2020-11-14 03:18:03.024017,1.003582906925222,142.56162445950267,16.010105536555333,127.94722747802734,85.15707397460938
Eclipse Mid,2020-11-14 04:32:45.024017,1.0274188429992321,142.27929813594304,15.049034487075659,254.19235229492188,76.7334213256836
Eclipse End,2020-11-14 05:47:27.024017,1.1526707250248138,141.95658076346905,14.101867531428834,257.1044006347656,60.17522048950195
Eclipse Begin : WASP-185 b,2020-06-10 00:49:43.119986,1.0281464744626838,94.79853004758564,125.76078422738688,70.86222076416016,76.56251525878906
Eclipse Mid,2020-06-10 03:07:57.519986,1.0656431428339028,96.01655137659557,124.59025150246495,280.0828552246094,69.7846450805664
Eclipse End,2020-06-10 05:26:11.919986,1.6105429117348702,96.97687454681696,123.69314989956914,263.7715148925781,38.38251876831055
Eclipse Begin : WASP-185 b,2021-05-13 23:40:18.639986,1.6750584205709829,142.00787613610103,23.04005349470156,96.87966918945312,36.6549186706543
Eclipse Mid,2021-05-14 01:58:33.039986,1.0780139130611588,140.8238575559746,24.123772365094673,81.45886993408203,68.06861877441406
Eclipse End,2021-05-14 04:16:47.439986,1.0216227445807289,139.3957268089257,25.457871428272668,292.6899108886719,78.19090270996094
Eclipse Begin : HD 219666 b,2020-08-16 03:03:20.590554,1.4874402213476487,124.56599268589804,38.55992225919311,145.78944396972656,42.24451446533203
Eclipse Mid,2020-08-16 04:08:04.991994,1.306947191702288,125.0645349090694,37.79800668607691,152.21664428710938,49.919612884521484
Eclipse End,2020-08-16 05:12:49.393434,1.212423748098814,125.56067963779206,37.06941601689954,163.55050659179688,55.567626953125
Eclipse Begin : HD 219666 b,2020-08-22 03:55:17.038554,1.2860924986868159,120.91740984861582,41.37929549397699,153.74530029296875,51.036712646484375
Eclipse Mid,2020-08-22 05:00:01.439994,1.203182861893723,120.46908465906081,42.15759394688775,165.9266357421875,56.214874267578125
Eclipse End,2020-08-22 06:04:45.841434,1.1816754579924,120.00763156479708,42.9726173167032,181.9906463623047,57.8067626953125
Eclipse Begin : HD 219666 b,2020-08-28 04:47:13.486554,1.1956156345232893,61.44851226396127,120.07709610180274,168.42111206054688,56.76076889038086
Eclipse Mid,2020-08-28 05:51:57.887994,1.18356513322034,61.192739917320466,120.55315552202221,184.75241088867188,57.66175079345703
Eclipse End,2020-08-28 06:56:42.289434,1.228697216703718,60.90536693921337,121.09304137092788,199.6220703125,54.475799560546875
Eclipse Begin : HD 219666 b,2020-09-03 05:39:09.934554,1.1870174343080244,49.69757538498087,167.598323187573,187.4683074951172,57.39949035644531
Eclipse Mid,2020-09-03 06:43:54.335994,1.2422690702822865,49.937966582221144,167.3583292750591,201.66700744628906,53.60818862915039
Eclipse End,2020-09-03 07:48:38.737434,1.3677247743588268,50.18791643306052,167.09514934550452,210.92648315429688,46.982154846191406
Eclipse Begin : HD 219666 b,2020-09-09 06:31:06.382554,1.2577522774322891,98.00465586999293,101.81336480260774,203.5669708251953,52.66178512573242
Eclipse Mid,2020-09-09 07:35:50.783994,1.3972909964768072,98.35100097220777,101.48379182546817,211.99696350097656,45.698177337646484
Eclipse End,2020-09-09 08:40:35.185434,1.647388192743162,98.66374317427,101.19014202960011,216.095458984375,37.374446868896484
Eclipse Begin : L 98-59 b,2020-11-10 06:14:59.424019,1.6760941390408362,86.18510105431842,68.04251018518796,158.9795684814453,36.62857437133789
Eclipse Mid,2020-11-10 06:45:35.424019,1.5881020732948834,86.16818855125965,67.78333482682557,160.87173461914062,39.02669906616211
Eclipse End,2020-11-10 07:16:11.424019,1.518826802316905,86.1471341762589,67.53712616579936,163.26681518554688,41.178184509277344
Eclipse Begin : L 98-59 b,2020-11-19 06:33:04.608019,1.5347386078711103,87.61064164109655,54.53298961645262,162.61441040039062,40.660587310791016
Eclipse Mid,2020-11-19 07:03:40.608019,1.4777243043691,87.68013246447939,54.90746806022018,165.37933349609375,42.58756637573242
Eclipse End,2020-11-19 07:34:16.608019,1.4353851697068154,87.74408842135054,55.28569804528031,168.6085205078125,44.161014556884766
Eclipse Begin : L 98-59 b,2020-11-28 06:51:09.792019,1.4448029915340617,99.95082321408985,156.24288540816804,167.75177001953125,43.79942321777344
Eclipse Mid,2020-11-28 07:21:45.792019,1.4124524201841004,99.94789473130123,156.41940067686562,171.28553771972656,45.07148361206055
Eclipse End,2020-11-28 07:52:21.792019,1.392558343684811,99.93857924107661,156.60716206384382,175.13970947265625,45.89806365966797
Eclipse Begin : L 98-59 b,2020-12-07 07:09:14.976019,1.3964688216121104,86.81505484146204,98.78188209376741,174.14230346679688,45.73275375366211
Eclipse Mid,2020-12-07 07:39:50.976019,1.385436548610805,86.7740417501542,98.60064713781837,178.15098571777344,46.20280838012695
Eclipse End,2020-12-07 08:10:26.976019,1.3859800525738033,86.72776369815048,98.4271792245971,182.2326202392578,46.17938232421875
Eclipse Begin : L 98-59 b,2021-01-10 02:17:04.416019,1.670170043533957,82.43417717249314,41.0941631991268,159.08700561523438,36.77981185913086
Eclipse Mid,2021-01-10 02:47:40.416019,1.5834285484977288,82.48701138881889,40.69673616914063,161.0096893310547,39.163902282714844
Eclipse End,2021-01-10 03:18:16.416019,1.5152187889865814,82.53404249278358,40.30162031599762,163.4351348876953,41.297637939453125
Eclipse Begin : L 98-59 b,2021-01-19 02:35:09.600019,1.5308666565829887,98.60276436223585,70.12090442761028,162.77633666992188,40.785179138183594
Eclipse Mid,2021-01-19 03:05:45.600019,1.4748170361614088,98.63160155549437,70.33898488722602,165.570556640625,42.69146728515625
Eclipse End,2021-01-19 03:36:21.600019,1.4333352715852614,98.6551494234201,70.56979100284366,168.82569885253906,44.24064254760742
Eclipse Begin : L 98-59 b,2021-01-28 02:53:14.784019,1.4425438368988035,92.50492947829498,170.80989256318648,167.96417236328125,43.885528564453125
Eclipse Mid,2021-01-28 03:23:50.784019,1.4109963783712616,92.47576565718352,170.93989448886336,171.51991271972656,45.13078689575195
Eclipse End,2021-01-28 03:54:26.784019,1.3918519958384543,92.44041471668052,171.0702506219316,175.3885955810547,45.92807388305664
Eclipse Begin : L 98-59 b,2021-02-06 03:11:19.968019,1.3955765413821177,82.11761875629662,71.18973711937252,174.38951110839844,45.77035140991211
Eclipse Mid,2021-02-06 03:41:55.968019,1.3852740802976087,82.1313401898063,70.83891429097321,178.4058837890625,46.209815979003906
Eclipse End,2021-02-06 04:12:31.968019,1.3865369073174454,82.1383767674951,70.49951185300161,182.4851837158203,46.1554069519043
Eclipse Begin : L 98-59 b,2021-02-15 03:29:25.152019,1.3851507669923986,98.40738450933385,38.98288937008421,181.45846557617188,46.21513748168945
Eclipse Mid,2021-02-15 04:00:01.152019,1.3950658939608362,98.41466970416504,39.27825627742101,185.47926330566406,45.79189682006836
Eclipse End,2021-02-15 04:30:37.152019,1.4168617812971556,98.4176060365654,39.58352862709005,189.28932189941406,44.893009185791016
Eclipse Begin : L 98-59 b,2021-02-24 03:47:30.336019,1.4102273526317322,93.38748436030235,138.94472969827933,188.35476684570312,45.16218566894531
Eclipse Mid,2021-02-24 04:18:06.336019,1.4413487455123115,93.32510152837231,139.1059587528077,191.92214965820312,43.93124008178711
Eclipse End,2021-02-24 04:48:42.336019,1.4858843326217506,93.25681486731101,139.27608172965247,195.08029174804688,42.29902267456055
Eclipse Begin : L 98-59 b,2021-03-05 04:05:35.520019,1.4733207262193033,81.57399052750547,100.80898210346678,194.32542419433594,42.74517059326172
Eclipse Mid,2021-03-05 04:36:11.520019,1.5288582569833788,81.55167467242197,100.53368972130426,197.135009765625,40.85014343261719
Eclipse End,2021-03-05 05:06:47.520019,1.6008865576930658,81.52508299241904,100.27322548231811,199.44981384277344,38.65678787231445
Eclipse Begin : L 98-59 b,2021-04-25 23:49:35.328019,1.4119182983774463,81.56966196350818,163.55688746163304,188.59420776367188,45.09321975708008
Eclipse Mid,2021-04-26 00:20:11.328019,1.443868329850182,81.51552735988729,163.7998662243854,192.1372528076172,43.834999084472656
Eclipse End,2021-04-26 00:50:47.328019,1.4893151678477263,81.45723564048144,164.0330502763026,195.26600646972656,42.179039001464844
Eclipse Begin : L 98-59 b,2021-05-05 00:07:40.512019,1.476503035673338,93.13920405588424,75.60929136414505,194.51980590820312,42.631141662597656
Eclipse Mid,2021-05-05 00:38:16.512019,1.5330385799472888,93.16115281766575,75.25920828239535,197.2978515625,40.71518325805664
Eclipse End,2021-05-05 01:08:52.512019,1.6062150505736004,93.17936749004032,74.91287653730379,199.57997131347656,38.504905700683594
Eclipse Begin : L 98-59 c,2020-12-25 05:04:12.401759,1.445896166900571,99.93181243213014,124.4756886869195,167.6646270751953,43.757896423339844
Eclipse Mid,2020-12-25 05:41:24.403199,1.4078150497970106,99.93078194354123,124.69896930196384,171.99424743652344,45.26100540161133
Eclipse End,2020-12-25 06:18:36.404639,1.3879392986641412,99.92057809533331,124.94011153047079,176.761962890625,46.09516525268555
Eclipse Begin : L 98-59 c,2021-01-05 06:47:41.364959,1.3985640154690944,83.62898166462436,104.02431041694595,186.30767822265625,45.6447639465332
Eclipse Mid,2021-01-05 07:24:53.366399,1.4298486163143505,83.56426124117509,103.79254920519178,190.8215789794922,44.376861572265625
Eclipse End,2021-01-05 08:02:05.367839,1.4804203892343233,83.49336364755663,103.57273887234851,194.77406311035156,42.49173355102539
Eclipse Begin : L 98-59 c,2021-01-31 02:49:08.945759,1.433395095716279,85.99888119898537,149.50661797261708,168.8234100341797,44.23831558227539
Eclipse Mid,2021-01-31 03:26:20.947199,1.4005604781443517,85.95499457894543,149.25581223537841,173.29629516601562,45.56129455566406
Eclipse End,2021-01-31 04:03:32.948639,1.385574218785172,85.90346680291006,149.0217293175735,178.14288330078125,46.19687271118164
Eclipse Begin : L 98-59 c,2021-02-11 04:32:37.908959,1.405578889637027,91.32711875470798,8.075865677407046,187.61660766601562,45.353065490722656
Eclipse Mid,2021-02-11 05:09:49.910399,1.442070384729711,91.36640101404258,7.71010784004938,191.9898223876953,43.90362548828125
Eclipse End,2021-02-11 05:47:01.911839,1.49845375818023,91.39849236323509,7.361276846570141,195.7581024169922,41.863216400146484
Eclipse Begin : L 98-59 c,2021-03-09 00:34:05.489759,1.422381152586564,88.04831327144159,52.71073312557841,170.02955627441406,44.671932220458984
Eclipse Mid,2021-03-09 01:11:17.491199,1.3946774965388493,88.11773689652071,52.26051467159602,174.6300811767578,45.80830383300781
Eclipse End,2021-03-09 01:48:29.492639,1.3845343178067586,88.17831710101032,51.81100547419687,179.53460693359375,46.24176025390625
Eclipse Begin : L 98-59 c,2021-03-20 02:17:34.452959,1.4140025512481273,99.1460534200226,72.63558271228119,188.89451599121094,45.00855255126953
Eclipse Mid,2021-03-20 02:54:46.454399,1.455851502017864,99.08170935163814,72.87632912987368,193.11244201660156,43.38389587402344
Eclipse End,2021-03-20 03:31:58.455839,1.5182841088060064,99.00961605773045,73.13705635115487,196.68841552734375,41.196102142333984
Eclipse Begin : L 98-59 c,2021-04-26 00:02:30.996959,1.423848940409202,81.54733529901758,163.66078819413548,190.13621520996094,44.61357116699219
Eclipse Mid,2021-04-26 00:39:42.998399,1.4712253709027328,81.47876960847776,163.94975189282982,194.18629455566406,42.82063674926758
Eclipse End,2021-04-26 01:16:54.999839,1.5399702243074145,81.404646783266,164.22509672693712,197.56378173828125,40.49360656738281
Eclipse Begin : L 98-59 d,2020-12-06 06:20:09.742544,1.4442494283358513,88.91859240788216,111.55039773495768,167.80108642578125,43.82048416137695
Eclipse Mid,2020-12-06 06:47:27.743984,1.414942428216618,88.89133186627566,111.39574462528213,170.941162109375,44.97049331665039
Eclipse End,2020-12-06 07:14:45.745424,1.3956092278002323,88.85980282994299,111.24742118145804,174.34519958496094,45.76897048950195
Eclipse Begin : L 98-59 d,2020-12-21 03:58:38.350544,1.6032553536686933,96.37332767937555,80.23378589959191,160.47889709472656,38.58910369873047
Eclipse Mid,2020-12-21 04:25:56.351984,1.5376591322362092,96.41634348924502,80.45238715230816,162.5066375732422,40.56718063354492
Eclipse End,2020-12-21 04:53:14.353424,1.4854420315518455,96.45570998921514,80.68101065902921,164.9307861328125,42.31454849243164
Eclipse Begin : L 98-59 d,2021-03-13 03:00:15.694544,1.4287187497773295,96.48049884439497,5.725022254983695,190.68264770507812,44.42121505737305
Eclipse Mid,2021-03-13 03:27:33.695984,1.46335794270952,96.49290070889015,5.559112132386478,193.6600799560547,43.10675048828125
Eclipse End,2021-03-13 03:54:51.697424,1.509264503182213,96.50246685874293,5.406060539033735,196.2812957763672,41.49650573730469
Eclipse Begin : L 98-59 d,2021-03-28 00:38:44.302544,1.3844978655879718,83.77244760535271,168.57009269433857,180.19784545898438,46.24333572387695
Eclipse Mid,2021-03-28 01:06:02.303984,1.3895862827589252,83.726060047572,168.75318202324937,183.82077026367188,46.024654388427734
Eclipse End,2021-03-28 01:33:20.305424,1.403982830962893,83.67573980631924,168.93127958103383,187.32473754882812,45.41904830932617
Eclipse Begin : DS Tuc A b,2020-08-03 04:30:35.855985,1.624054482518803,54.84089495330869,173.52427607252145,161.0579833984375,38.00592041015625
Eclipse Mid,2020-08-03 06:05:53.375985,1.4482347349518256,54.85870096155955,173.96346500405443,169.40750122070312,43.669368743896484
Eclipse End,2020-08-03 07:41:10.895985,1.4012739460540722,54.9090224538894,174.47208112334357,181.03269958496094,45.531551361083984
Eclipse Begin : DS Tuc A b,2020-09-29 03:44:20.342385,1.40109854481348,56.48014421912256,149.3390736960108,179.40304565429688,45.53886032104492
Eclipse Mid,2020-09-29 05:19:37.862385,1.4521872271653267,56.749070529475546,149.82790339930733,190.96070861816406,43.520687103271484
Eclipse End,2020-09-29 06:54:55.382385,1.63340381888854,57.0350338422473,150.40176498991323,199.15318298339844,37.75008773803711
Eclipse Begin : GJ 357 b,2020-12-26 06:33:47.376017,1.0607483658464965,100.66086294784404,135.90873080145846,85.79081726074219,70.51531219482422
Eclipse Mid,2020-12-26 07:19:41.376017,1.0129567571665856,100.37918579536861,136.2151251715784,73.65339660644531,80.82609558105469
Eclipse End,2020-12-26 08:05:35.376017,1.001789535675459,100.06762356468418,136.55109705791776,326.6662292480469,86.57481384277344
Eclipse Begin : GJ 357 b,2020-12-30 04:54:01.584017,1.2798455534886972,63.49050964166399,177.43856494691582,94.54962158203125,51.38382339477539
Eclipse Mid,2020-12-30 05:39:55.584017,1.1343553910555422,63.31709455319608,177.3687376677364,90.43280792236328,61.83087158203125
Eclipse End,2020-12-30 06:25:49.584017,1.049819435119231,63.12845699938762,177.29467164960263,84.537841796875,72.27801513671875
Eclipse Begin : GJ 357 b,2021-02-23 05:37:20.496017,1.0734690264759166,61.341535373841815,127.73044769266568,273.0403137207031,68.67919158935547
Eclipse Mid,2021-02-23 06:23:14.496017,1.1763273505329046,61.05099091404381,128.0494464616277,268.03509521484375,58.22292709350586
Eclipse End,2021-02-23 07:09:08.496017,1.3500994652806781,60.73678566800009,128.40015917432095,264.17254638671875,47.78989791870117
Eclipse Begin : GJ 357 b,2021-03-03 02:17:48.912017,1.0502375804454798,67.24606341580363,128.45645513845915,84.60631561279297,72.20677185058594
Eclipse Mid,2021-03-03 03:03:42.912017,1.0087759586682359,67.55323332732854,128.04238534997623,69.23479461669922,82.43684387207031
Eclipse End,2021-03-03 03:49:36.912017,1.003211868304277,67.82970451810709,127.66046063625048,307.9622802734375,85.41397857666016
Eclipse Begin : GJ 357 b,2021-03-07 00:38:03.120017,1.2508717021796962,109.62461499299992,77.40910266588408,93.94113159179688,53.07689666748047
Eclipse Mid,2021-03-07 01:23:57.120017,1.1171229972850614,110.0691212938355,76.84330330691601,89.66754150390625,63.52854919433594
Eclipse End,2021-03-07 02:09:51.120017,1.0404761573525094,110.49341327796736,76.29182075994343,83.17682647705078,73.96609497070312
Eclipse Begin : GJ 357 b,2021-05-01 01:21:22.032017,1.0865228599489054,114.49787786978614,124.54164769641747,272.0689392089844,66.97982025146484
Eclipse Mid,2021-05-01 02:07:16.032017,1.1988832224379598,114.80886772786839,124.07940127104207,267.35821533203125,56.52323532104492
Eclipse End,2021-05-01 02:53:10.032017,1.3878599404932368,115.09186792465792,123.65108727245249,263.5838623046875,46.098567962646484
Eclipse Begin : GJ 357 b,2021-05-04 23:41:36.240017,1.0031363456072862,141.25558639786937,75.90933967743966,308.50177001953125,85.46807098388672
Eclipse Mid,2021-05-05 00:27:30.240017,1.0322790117973633,141.26452341213272,75.38208981532829,278.40997314453125,75.63394927978516
Eclipse End,2021-05-05 01:13:24.240017,1.101493918478543,141.25849304901152,74.86203159118857,271.14569091796875,65.21099090576172
