Name,obs_time,Primary eclipse observable?,Transit Length,Effective Temperature,J-magnitude,Number of exposures possible,S/N median,Minimum S/N,Maximum S/N,Minimum Exposure Time,Maximum Exposure Time
K2-290 b,2021-05-05 04:09:41.759997,TRUE,4.9600008 h,6302.0 K,9.771,77,90.75943558,0,156.3359257,230,230
HD 106315 c,2021-03-22 04:40:10.711996,TRUE,4.638 h,6327.0 K,8.116,72,90.75943558,0,156.3359257,230,230
WASP-185 b,2021-05-14 01:58:33.039986,TRUE,4.6080000000000005 h,5900.0 K,9.873,72,90.75943558,0,156.3359257,230,230
WASP-127 b,2021-02-21 05:53:09.118396,TRUE,4.308 h,5620.0 K,9.092,67,90.75943558,0,156.3359257,230,230
WASP-127 b,2021-03-14 03:15:11.902396,TRUE,4.308 h,5620.0 K,9.092,67,90.75943558,0,156.3359257,230,230
K2-3 d,2021-04-17 01:54:07.792014,TRUE,4.3249992 h,3896.0 K,9.421,67,90.75943558,0,156.3359257,230,230
WASP-131 b,2021-06-13 02:21:24.726380,TRUE,3.8304 h,6030.0 K,8.895,59,90.75943558,0,156.3359257,230,230
WASP-131 b,2021-05-28 03:10:16.364780,TRUE,3.8304 h,6030.0 K,8.895,59,90.75943558,0,156.3359257,230,230
WASP-131 b,2021-05-12 03:59:08.003180,TRUE,3.8304 h,6030.0 K,8.895,59,90.75943558,0,156.3359257,230,230
WASP-131 b,2021-04-10 05:36:51.279980,TRUE,3.8304 h,6030.0 K,8.895,59,90.75943558,0,156.3359257,230,230
HD 106315 b,2021-02-22 06:22:45.848014,TRUE,3.7750008 h,6327.0 K,8.116,59,90.75943558,0,156.3359257,230,230
HD 106315 b,2021-04-30 03:10:39.224014,TRUE,3.7750008 h,6327.0 K,8.116,59,90.75943558,0,156.3359257,230,230
K2-233 d,2021-05-11 05:18:23.039992,TRUE,3.8080008 h,4950.0 K,8.968,59,90.75943558,0,156.3359257,230,230
WASP-131 b,2021-03-25 06:25:42.918380,TRUE,3.8304 h,6030.0 K,8.895,59,90.75943558,0,156.3359257,230,230
WASP-131 b,2021-03-09 07:14:34.556780,TRUE,3.8304 h,6030.0 K,8.895,59,90.75943558,0,156.3359257,230,230
WASP-130 b,2021-04-19 05:55:31.024019,TRUE,3.7199999999999998 h,5625.0 K,9.896,58,90.75943558,0,156.3359257,230,230
KELT-10 b,2021-06-09 08:04:04.867832,TRUE,3.7439999999999998 h,5948.0 K,9.693,58,90.75943558,0,156.3359257,230,230
KELT-10 b,2020-08-09 04:45:22.125752,TRUE,3.7439999999999998 h,5948.0 K,9.693,58,90.75943558,0,156.3359257,230,230
KELT-10 b,2020-07-15 04:48:45.735992,TRUE,3.7439999999999998 h,5948.0 K,9.693,58,90.75943558,0,156.3359257,230,230
KELT-10 b,2020-06-20 04:52:09.346232,TRUE,3.7439999999999998 h,5948.0 K,9.693,58,90.75943558,0,156.3359257,230,230
WASP-76 b,2020-11-22 02:40:59.976004,TRUE,3.6936 h,6250.0 K,8.541,57,90.75943558,0,156.3359257,230,230
WASP-76 b,2020-10-24 03:41:13.569604,TRUE,3.6936 h,6250.0 K,8.541,57,90.75943558,0,156.3359257,230,230
WASP-166 b,2021-03-02 02:48:05.336007,TRUE,3.5999999999999996 h,6050.0 K,8.35,56,90.75943558,0,156.3359257,230,230
WASP-166 b,2021-02-19 05:30:41.624007,TRUE,3.5999999999999996 h,6050.0 K,8.35,56,90.75943558,0,156.3359257,230,230
WASP-166 b,2021-01-01 05:42:24.920007,TRUE,3.5999999999999996 h,6050.0 K,8.35,56,90.75943558,0,156.3359257,230,230
K2-3 c,2021-05-16 01:34:44.848007,TRUE,3.633 h,3896.0 K,9.421,56,90.75943558,0,156.3359257,230,230
WASP-178 b,2021-02-26 07:02:07.758413,TRUE,3.4704 h,9360.0 K,9.775,54,90.75943558,0,156.3359257,230,230
WASP-178 b,2020-06-17 02:04:05.896013,TRUE,3.4704 h,9360.0 K,9.775,54,90.75943558,0,156.3359257,230,230
WASP-178 b,2020-06-27 02:53:45.443213,TRUE,3.4704 h,9360.0 K,9.775,54,90.75943558,0,156.3359257,230,230
WASP-178 b,2021-04-24 03:43:31.859213,TRUE,3.4704 h,9360.0 K,9.775,54,90.75943558,0,156.3359257,230,230
WASP-178 b,2021-05-04 04:33:11.406413,TRUE,3.4704 h,9360.0 K,9.775,54,90.75943558,0,156.3359257,230,230
WASP-178 b,2021-05-14 05:22:50.953613,TRUE,3.4704 h,9360.0 K,9.775,54,90.75943558,0,156.3359257,230,230
WASP-20 b,2020-08-15 07:12:57.687348,TRUE,3.4032 h,5940.0 K,9.701,53,90.75943558,0,156.3359257,230,230
HR 858 d,2020-10-17 04:23:13.919990,TRUE,3.4344 h,6201.0 K,5.473,53,90.75943558,0,156.3359257,230,230
HR 858 d,2020-12-01 02:28:01.919990,TRUE,3.4344 h,6201.0 K,5.473,53,90.75943558,0,156.3359257,230,230
WASP-20 b,2020-10-13 02:18:32.412468,TRUE,3.4032 h,5940.0 K,9.701,53,90.75943558,0,156.3359257,230,230
WASP-20 b,2020-10-08 04:43:04.518708,TRUE,3.4032 h,5940.0 K,9.701,53,90.75943558,0,156.3359257,230,230
WASP-70 A b,2020-06-18 07:31:16.937276,TRUE,3.3335999999999997 h,5763.0 K,9.996,52,90.75943558,0,156.3359257,230,230
WASP-70 A b,2020-07-14 07:18:31.614716,TRUE,3.3335999999999997 h,5763.0 K,9.996,52,90.75943558,0,156.3359257,230,230
WASP-70 A b,2020-07-29 03:45:31.430396,TRUE,3.3335999999999997 h,5763.0 K,9.996,52,90.75943558,0,156.3359257,230,230
WASP-70 A b,2020-08-24 03:32:46.107836,TRUE,3.3335999999999997 h,5763.0 K,9.996,52,90.75943558,0,156.3359257,230,230
WASP-70 A b,2020-09-19 03:20:00.785276,TRUE,3.3335999999999997 h,5763.0 K,9.996,52,90.75943558,0,156.3359257,230,230
GJ 143 b,2020-10-11 06:54:56.159997,TRUE,3.2299992 h,4640.0 K,6.081,50,90.75943558,0,156.3359257,230,230
DS Tuc A b,2020-09-29 05:19:37.862385,TRUE,3.1764 h,5428.0 K,7.122,49,90.75943558,0,156.3359257,230,230
DS Tuc A b,2020-08-03 06:05:53.375985,TRUE,3.1764 h,5428.0 K,7.122,49,90.75943558,0,156.3359257,230,230
TOI-125 c,2020-12-11 02:41:33.215992,TRUE,2.9544 h,5320.0 K,9.466,46,90.75943558,0,156.3359257,230,230
TOI-125 c,2020-10-17 05:00:27.359992,TRUE,2.9544 h,5320.0 K,9.466,46,90.75943558,0,156.3359257,230,230
TOI-125 c,2020-08-23 07:19:21.503992,TRUE,2.9544 h,5320.0 K,9.466,46,90.75943558,0,156.3359257,230,230
WASP-121 b,2020-11-05 06:51:38.420818,TRUE,2.8872 h,6459.0 K,9.625,45,90.75943558,0,156.3359257,230,230
WASP-121 b,2020-12-21 04:23:46.696018,TRUE,2.8872 h,6459.0 K,9.625,45,90.75943558,0,156.3359257,230,230
WASP-121 b,2020-12-26 06:47:20.948818,TRUE,2.8872 h,6459.0 K,9.625,45,90.75943558,0,156.3359257,230,230
WASP-121 b,2020-12-12 06:12:31.753618,TRUE,2.8872 h,6459.0 K,9.625,45,90.75943558,0,156.3359257,230,230
WASP-121 b,2021-03-28 01:51:37.499218,TRUE,2.8872 h,6459.0 K,9.625,45,90.75943558,0,156.3359257,230,230
WASP-121 b,2021-02-19 02:30:44.166418,TRUE,2.8872 h,6459.0 K,9.625,45,90.75943558,0,156.3359257,230,230
WASP-121 b,2021-02-10 04:19:29.224018,TRUE,2.8872 h,6459.0 K,9.625,45,90.75943558,0,156.3359257,230,230
WASP-121 b,2021-01-27 03:44:40.028818,TRUE,2.8872 h,6459.0 K,9.625,45,90.75943558,0,156.3359257,230,230
WASP-121 b,2021-01-18 05:33:25.086418,TRUE,2.8872 h,6459.0 K,9.625,45,90.75943558,0,156.3359257,230,230
WASP-121 b,2021-01-13 03:09:50.833618,TRUE,2.8872 h,6459.0 K,9.625,45,90.75943558,0,156.3359257,230,230
WASP-121 b,2021-01-04 04:58:35.891218,TRUE,2.8872 h,6459.0 K,9.625,45,90.75943558,0,156.3359257,230,230
WASP-121 b,2020-12-30 02:35:01.638418,TRUE,2.8872 h,6459.0 K,9.625,45,90.75943558,0,156.3359257,230,230
WASP-121 b,2020-11-28 05:37:42.558418,TRUE,2.8872 h,6459.0 K,9.625,45,90.75943558,0,156.3359257,230,230
WASP-121 b,2021-03-05 03:05:33.361618,TRUE,2.8872 h,6459.0 K,9.625,45,90.75943558,0,156.3359257,230,230
WASP-107 b,2021-02-15 05:25:07.120005,TRUE,2.7527999999999997 h,4430.0 K,9.378,43,90.75943558,0,156.3359257,230,230
WASP-84 b,2021-01-15 05:28:15.199981,TRUE,2.74848 h,5314.0 K,9.346,43,90.75943558,0,156.3359257,230,230
WASP-107 b,2021-05-12 01:09:18.160005,TRUE,2.7527999999999997 h,4430.0 K,9.378,43,90.75943558,0,156.3359257,230,230
WASP-107 b,2021-04-19 03:53:31.216005,TRUE,2.7527999999999997 h,4430.0 K,9.378,43,90.75943558,0,156.3359257,230,230
HR 858 b,2020-09-30 07:14:26.879992,TRUE,2.7096 h,6201.0 K,5.473,42,90.75943558,0,156.3359257,230,230
WASP-167 b,2021-03-14 05:40:27.003529,TRUE,2.724 h,7000.0 K,9.929,42,90.75943558,0,156.3359257,230,230
WASP-167 b,2021-03-08 04:05:35.075209,TRUE,2.724 h,7000.0 K,9.929,42,90.75943558,0,156.3359257,230,230
WASP-167 b,2021-03-10 04:37:12.384649,TRUE,2.724 h,7000.0 K,9.929,42,90.75943558,0,156.3359257,230,230
WASP-167 b,2021-03-12 05:08:49.694089,TRUE,2.724 h,7000.0 K,9.929,42,90.75943558,0,156.3359257,230,230
WASP-167 b,2021-06-05 03:16:56.690569,TRUE,2.724 h,7000.0 K,9.929,42,90.75943558,0,156.3359257,230,230
WASP-167 b,2021-06-03 02:45:19.381129,TRUE,2.724 h,7000.0 K,9.929,42,90.75943558,0,156.3359257,230,230
WASP-167 b,2021-06-01 02:13:42.071689,TRUE,2.724 h,7000.0 K,9.929,42,90.75943558,0,156.3359257,230,230
WASP-167 b,2021-05-30 01:42:04.762249,TRUE,2.724 h,7000.0 K,9.929,42,90.75943558,0,156.3359257,230,230
WASP-167 b,2021-05-28 01:10:27.452809,TRUE,2.724 h,7000.0 K,9.929,42,90.75943558,0,156.3359257,230,230
WASP-167 b,2021-03-22 07:46:56.241289,TRUE,2.724 h,7000.0 K,9.929,42,90.75943558,0,156.3359257,230,230
WASP-167 b,2021-03-20 07:15:18.931849,TRUE,2.724 h,7000.0 K,9.929,42,90.75943558,0,156.3359257,230,230
WASP-167 b,2021-03-18 06:43:41.622409,TRUE,2.724 h,7000.0 K,9.929,42,90.75943558,0,156.3359257,230,230
K2-3 b,2021-02-21 05:06:29.103988,TRUE,2.7259992 h,3896.0 K,9.421,42,90.75943558,0,156.3359257,230,230
WASP-167 b,2021-03-16 06:12:04.312969,TRUE,2.724 h,7000.0 K,9.929,42,90.75943558,0,156.3359257,230,230
HR 858 b,2020-10-18 05:33:34.559992,TRUE,2.7096 h,6201.0 K,5.473,42,90.75943558,0,156.3359257,230,230
HR 858 b,2021-01-05 02:57:44.351992,TRUE,2.7096 h,6201.0 K,5.473,42,90.75943558,0,156.3359257,230,230
HR 858 b,2020-11-23 02:11:49.919992,TRUE,2.7096 h,6201.0 K,5.473,42,90.75943558,0,156.3359257,230,230
HR 858 b,2020-11-05 03:52:42.239992,TRUE,2.7096 h,6201.0 K,5.473,42,90.75943558,0,156.3359257,230,230
K2-233 c,2020-07-25 01:33:53.280007,TRUE,2.6500008 h,4950.0 K,8.968,41,90.75943558,0,156.3359257,230,230
K2-233 c,2021-04-05 06:37:54.048007,TRUE,2.6500008 h,4950.0 K,8.968,41,90.75943558,0,156.3359257,230,230
K2-233 c,2021-04-12 08:06:20.736007,TRUE,2.6500008 h,4950.0 K,8.968,41,90.75943558,0,156.3359257,230,230
WASP-85 A b,2021-04-18 01:32:48.415366,TRUE,2.59584 h,6112.0 K,9.275,40,90.75943558,0,156.3359257,230,230
WASP-85 A b,2021-04-10 02:20:16.755526,TRUE,2.59584 h,6112.0 K,9.275,40,90.75943558,0,156.3359257,230,230
WASP-85 A b,2021-04-02 03:07:45.095686,TRUE,2.59584 h,6112.0 K,9.275,40,90.75943558,0,156.3359257,230,230
WASP-85 A b,2021-03-17 04:42:41.776006,TRUE,2.59584 h,6112.0 K,9.275,40,90.75943558,0,156.3359257,230,230
WASP-85 A b,2021-03-09 05:30:10.116166,TRUE,2.59584 h,6112.0 K,9.275,40,90.75943558,0,156.3359257,230,230
WASP-85 A b,2021-02-21 07:05:06.796486,TRUE,2.59584 h,6112.0 K,9.275,40,90.75943558,0,156.3359257,230,230
K2-38 c,2021-05-16 03:13:09.424019,TRUE,2.5330008 h,5757.0 K,9.911,39,90.75943558,0,156.3359257,230,230
K2-38 c,2021-03-24 07:53:44.464019,TRUE,2.5330008 h,5757.0 K,9.911,39,90.75943558,0,156.3359257,230,230
HD 21749 c,2020-11-20 02:11:44.735988,TRUE,2.5150008 h,4640.0 K,6.081,39,90.75943558,0,156.3359257,230,230
K2-38 c,2021-06-06 06:08:55.408019,TRUE,2.5330008 h,5757.0 K,9.911,39,90.75943558,0,156.3359257,230,230
HD 15337 b,2020-11-14 04:32:45.024017,TRUE,2.4899999999999998 h,5125.0 K,7.553,38,90.75943558,0,156.3359257,230,230
HD 15337 b,2020-08-06 07:26:46.464017,TRUE,2.4899999999999998 h,5125.0 K,7.553,38,90.75943558,0,156.3359257,230,230
HD 15337 b,2020-08-25 08:02:11.904017,TRUE,2.4899999999999998 h,5125.0 K,7.553,38,90.75943558,0,156.3359257,230,230
HD 15337 b,2020-10-07 03:21:54.144017,TRUE,2.4899999999999998 h,5125.0 K,7.553,38,90.75943558,0,156.3359257,230,230
HD 15337 b,2020-10-26 03:57:19.584017,TRUE,2.4899999999999998 h,5125.0 K,7.553,38,90.75943558,0,156.3359257,230,230
WASP-156 b,2020-11-20 04:43:42.675195,TRUE,2.4100007999999997 h,4910.0 K,9.906,37,90.75943558,0,156.3359257,230,230
K2-265 b,2020-08-19 05:30:26.108799,TRUE,2.2660008 h,5477.0 K,9.726,35,90.75943558,0,156.3359257,230,230
K2-265 b,2020-10-15 02:09:01.167999,TRUE,2.2660008 h,5477.0 K,9.726,35,90.75943558,0,156.3359257,230,230
K2-265 b,2020-09-07 04:23:17.795199,TRUE,2.2660008 h,5477.0 K,9.726,35,90.75943558,0,156.3359257,230,230
K2-265 b,2020-07-31 06:37:34.422399,TRUE,2.2660008 h,5477.0 K,9.726,35,90.75943558,0,156.3359257,230,230
K2-266 c,2021-05-03 01:01:55.200006,TRUE,2.2560000000000002 h,4285.0 K,9.611,35,90.75943558,0,156.3359257,230,230
K2-265 b,2020-06-23 08:51:51.049599,TRUE,2.2660008 h,5477.0 K,9.726,35,90.75943558,0,156.3359257,230,230
K2-266 c,2021-03-17 03:48:57.600006,TRUE,2.2560000000000002 h,4285.0 K,9.611,35,90.75943558,0,156.3359257,230,230
KELT-14 b,2021-01-07 06:12:23.372800,TRUE,2.1880800000000002 h,5720.0 K,9.808,34,90.75943558,0,156.3359257,230,230
KELT-14 b,2021-01-02 03:04:56.702080,TRUE,2.1880800000000002 h,5720.0 K,9.808,34,90.75943558,0,156.3359257,230,230
KELT-14 b,2020-12-26 06:55:01.141120,TRUE,2.1880800000000002 h,5720.0 K,9.808,34,90.75943558,0,156.3359257,230,230
KELT-14 b,2020-12-21 03:47:34.470400,TRUE,2.1880800000000002 h,5720.0 K,9.808,34,90.75943558,0,156.3359257,230,230
KELT-14 b,2020-12-09 04:30:12.238720,TRUE,2.1880800000000002 h,5720.0 K,9.808,34,90.75943558,0,156.3359257,230,230
KELT-14 b,2020-11-27 05:12:50.007040,TRUE,2.1880800000000002 h,5720.0 K,9.808,34,90.75943558,0,156.3359257,230,230
KELT-14 b,2021-01-19 05:29:45.604480,TRUE,2.1880800000000002 h,5720.0 K,9.808,34,90.75943558,0,156.3359257,230,230
KELT-14 b,2021-01-31 04:47:07.836160,TRUE,2.1880800000000002 h,5720.0 K,9.808,34,90.75943558,0,156.3359257,230,230
KELT-14 b,2021-03-20 01:56:36.762880,TRUE,2.1880800000000002 h,5720.0 K,9.808,34,90.75943558,0,156.3359257,230,230
KELT-14 b,2021-01-14 02:22:18.933760,TRUE,2.1880800000000002 h,5720.0 K,9.808,34,90.75943558,0,156.3359257,230,230
KELT-14 b,2021-02-12 04:04:30.067840,TRUE,2.1880800000000002 h,5720.0 K,9.808,34,90.75943558,0,156.3359257,230,230
KELT-14 b,2020-11-03 06:38:05.543680,TRUE,2.1880800000000002 h,5720.0 K,9.808,34,90.75943558,0,156.3359257,230,230
KELT-14 b,2020-10-22 07:20:43.312000,TRUE,2.1880800000000002 h,5720.0 K,9.808,34,90.75943558,0,156.3359257,230,230
KELT-14 b,2021-02-24 03:21:52.299520,TRUE,2.1880800000000002 h,5720.0 K,9.808,34,90.75943558,0,156.3359257,230,230
KELT-14 b,2021-03-08 02:39:14.531200,TRUE,2.1880800000000002 h,5720.0 K,9.808,34,90.75943558,0,156.3359257,230,230
KELT-14 b,2021-04-01 01:13:58.994560,TRUE,2.1880800000000002 h,5720.0 K,9.808,34,90.75943558,0,156.3359257,230,230
KELT-14 b,2020-11-15 05:55:27.775360,TRUE,2.1880800000000002 h,5720.0 K,9.808,34,90.75943558,0,156.3359257,230,230
HD 219666 b,2020-08-28 05:51:57.887994,TRUE,2.1580008 h,5527.0 K,8.557,33,90.75943558,0,156.3359257,230,230
HD 219666 b,2020-08-16 04:08:04.991994,TRUE,2.1580008 h,5527.0 K,8.557,33,90.75943558,0,156.3359257,230,230
WASP-80 b,2020-06-30 04:11:23.082292,TRUE,2.1310008 h,4143.0 K,9.218,33,90.75943558,0,156.3359257,230,230
WASP-80 b,2020-07-03 05:49:05.524468,TRUE,2.1310008 h,4143.0 K,9.218,33,90.75943558,0,156.3359257,230,230
WASP-80 b,2020-08-12 02:59:17.272756,TRUE,2.1310008 h,4143.0 K,9.218,33,90.75943558,0,156.3359257,230,230
WASP-80 b,2020-08-15 04:36:59.714932,TRUE,2.1310008 h,4143.0 K,9.218,33,90.75943558,0,156.3359257,230,230
WASP-80 b,2021-05-18 07:10:39.510772,TRUE,2.1310008 h,4143.0 K,9.218,33,90.75943558,0,156.3359257,230,230
WASP-80 b,2021-05-21 08:48:21.952948,TRUE,2.1310008 h,4143.0 K,9.218,33,90.75943558,0,156.3359257,230,230
HD 219666 b,2020-08-22 05:00:01.439994,TRUE,2.1580008 h,5527.0 K,8.557,33,90.75943558,0,156.3359257,230,230
HD 219666 b,2020-09-03 06:43:54.335994,TRUE,2.1580008 h,5527.0 K,8.557,33,90.75943558,0,156.3359257,230,230
TOI-270 d,2020-12-14 04:00:54.719981,TRUE,2.1479999999999997 h,3386.0 K,9.099,33,90.75943558,0,156.3359257,230,230
TOI-270 d,2020-10-18 06:23:54.239981,TRUE,2.1479999999999997 h,3386.0 K,9.099,33,90.75943558,0,156.3359257,230,230
HD 219666 b,2020-09-09 07:35:50.783994,TRUE,2.1580008 h,5527.0 K,8.557,33,90.75943558,0,156.3359257,230,230
K2-233 b,2021-04-12 05:12:30.528009,TRUE,1.9690007999999999 h,4950.0 K,8.968,30,90.75943558,0,156.3359257,230,230
K2-233 b,2021-04-07 06:46:13.440009,TRUE,1.9690007999999999 h,4950.0 K,8.968,30,90.75943558,0,156.3359257,230,230
K2-233 b,2021-02-24 08:02:48.192009,TRUE,1.9690007999999999 h,4950.0 K,8.968,30,90.75943558,0,156.3359257,230,230
K2-233 b,2021-06-03 00:48:29.952009,TRUE,1.9690007999999999 h,4950.0 K,8.968,30,90.75943558,0,156.3359257,230,230
K2-233 b,2021-05-29 02:22:12.864009,TRUE,1.9690007999999999 h,4950.0 K,8.968,30,90.75943558,0,156.3359257,230,230
K2-233 b,2021-05-19 05:29:38.688009,TRUE,1.9690007999999999 h,4950.0 K,8.968,30,90.75943558,0,156.3359257,230,230
K2-233 b,2021-05-14 07:03:21.600009,TRUE,1.9690007999999999 h,4950.0 K,8.968,30,90.75943558,0,156.3359257,230,230
K2-233 b,2021-04-17 03:38:47.616009,TRUE,1.9690007999999999 h,4950.0 K,8.968,30,90.75943558,0,156.3359257,230,230
K2-233 b,2020-06-20 02:55:25.248009,TRUE,1.9690007999999999 h,4950.0 K,8.968,30,90.75943558,0,156.3359257,230,230
K2-233 b,2020-06-25 01:21:42.336009,TRUE,1.9690007999999999 h,4950.0 K,8.968,30,90.75943558,0,156.3359257,230,230
GJ 9827 c,2020-07-21 08:46:31.704318,TRUE,1.82496 h,4340.0 K,7.984,28,90.75943558,0,156.3359257,230,230
GJ 9827 c,2020-08-01 07:26:18.109758,TRUE,1.82496 h,4340.0 K,7.984,28,90.75943558,0,156.3359257,230,230
GJ 9827 c,2020-08-12 06:06:04.515198,TRUE,1.82496 h,4340.0 K,7.984,28,90.75943558,0,156.3359257,230,230
GJ 9827 c,2020-08-23 04:45:50.920638,TRUE,1.82496 h,4340.0 K,7.984,28,90.75943558,0,156.3359257,230,230
GJ 9827 c,2020-11-15 02:30:46.695678,TRUE,1.82496 h,4340.0 K,7.984,28,90.75943558,0,156.3359257,230,230
TOI-270 c,2020-12-04 02:05:01.766392,TRUE,1.6579992 h,3386.0 K,9.099,25,90.75943558,0,156.3359257,230,230
TOI-270 c,2020-11-17 02:33:05.183992,TRUE,1.6579992 h,3386.0 K,9.099,25,90.75943558,0,156.3359257,230,230
GJ 357 b,2021-02-23 06:23:14.496017,TRUE,1.53 h,3505.0 K,7.337,23,90.75943558,0,156.3359257,230,230
GJ 357 b,2021-03-03 03:03:42.912017,TRUE,1.53 h,3505.0 K,7.337,23,90.75943558,0,156.3359257,230,230
GJ 357 b,2021-03-07 01:23:57.120017,TRUE,1.53 h,3505.0 K,7.337,23,90.75943558,0,156.3359257,230,230
GJ 357 b,2021-05-01 02:07:16.032017,TRUE,1.53 h,3505.0 K,7.337,23,90.75943558,0,156.3359257,230,230
GJ 357 b,2020-12-30 05:39:55.584017,TRUE,1.53 h,3505.0 K,7.337,23,90.75943558,0,156.3359257,230,230
GJ 357 b,2020-12-26 07:19:41.376017,TRUE,1.53 h,3505.0 K,7.337,23,90.75943558,0,156.3359257,230,230
GJ 357 b,2021-05-05 00:27:30.240017,TRUE,1.53 h,3505.0 K,7.337,23,90.75943558,0,156.3359257,230,230
WASP-140 b,2020-10-10 04:23:00.299215,TRUE,1.5144000000000002 h,5260.0 K,9.609,23,90.75943558,0,156.3359257,230,230
WASP-140 b,2021-01-12 02:15:17.224015,TRUE,1.5144000000000002 h,5260.0 K,9.609,23,90.75943558,0,156.3359257,230,230
WASP-140 b,2021-01-03 03:36:01.326415,TRUE,1.5144000000000002 h,5260.0 K,9.609,23,90.75943558,0,156.3359257,230,230
WASP-140 b,2020-12-05 01:58:24.659215,TRUE,1.5144000000000002 h,5260.0 K,9.609,23,90.75943558,0,156.3359257,230,230
WASP-140 b,2020-11-26 03:19:08.761615,TRUE,1.5144000000000002 h,5260.0 K,9.609,23,90.75943558,0,156.3359257,230,230
WASP-140 b,2020-11-17 04:39:52.864015,TRUE,1.5144000000000002 h,5260.0 K,9.609,23,90.75943558,0,156.3359257,230,230
WASP-140 b,2020-11-08 06:00:36.966415,TRUE,1.5144000000000002 h,5260.0 K,9.609,23,90.75943558,0,156.3359257,230,230
WASP-140 b,2020-09-22 07:04:28.504015,TRUE,1.5144000000000002 h,5260.0 K,9.609,23,90.75943558,0,156.3359257,230,230
WASP-140 b,2020-10-01 05:43:44.401615,TRUE,1.5144000000000002 h,5260.0 K,9.609,23,90.75943558,0,156.3359257,230,230
WASP-140 b,2020-09-13 08:25:12.606415,TRUE,1.5144000000000002 h,5260.0 K,9.609,23,90.75943558,0,156.3359257,230,230
TOI-270 b,2020-11-13 03:09:16.416016,TRUE,1.3870008 h,3386.0 K,9.099,21,90.75943558,0,156.3359257,230,230
TOI-270 b,2020-11-23 05:04:49.152016,TRUE,1.3870008 h,3386.0 K,9.099,21,90.75943558,0,156.3359257,230,230
TOI-270 b,2020-12-20 02:12:56.448016,TRUE,1.3870008 h,3386.0 K,9.099,21,90.75943558,0,156.3359257,230,230
TOI-270 b,2020-10-17 06:01:09.120016,TRUE,1.3870008 h,3386.0 K,9.099,21,90.75943558,0,156.3359257,230,230
TOI-270 b,2020-09-10 06:57:29.088016,TRUE,1.3870008 h,3386.0 K,9.099,21,90.75943558,0,156.3359257,230,230
TOI-270 b,2020-12-30 04:08:29.184016,TRUE,1.3870008 h,3386.0 K,9.099,21,90.75943558,0,156.3359257,230,230
TOI-270 b,2020-12-03 07:00:21.888016,TRUE,1.3870008 h,3386.0 K,9.099,21,90.75943558,0,156.3359257,230,230
LTT 1445 A b,2020-12-06 05:42:04.319988,TRUE,1.3776 h,3337.0 K,7.294,21,90.75943558,0,156.3359257,230,230
LTT 1445 A b,2020-09-22 05:08:15.647988,TRUE,1.3776 h,3337.0 K,7.294,21,90.75943558,0,156.3359257,230,230
LTT 1445 A b,2020-10-08 06:58:21.791988,TRUE,1.3776 h,3337.0 K,7.294,21,90.75943558,0,156.3359257,230,230
LTT 1445 A b,2020-11-04 02:01:52.031988,TRUE,1.3776 h,3337.0 K,7.294,21,90.75943558,0,156.3359257,230,230
LTT 1445 A b,2020-11-20 03:51:58.175988,TRUE,1.3776 h,3337.0 K,7.294,21,90.75943558,0,156.3359257,230,230
TOI-270 b,2021-02-05 03:12:09.216016,TRUE,1.3870008 h,3386.0 K,9.099,21,90.75943558,0,156.3359257,230,230
LTT 1445 A b,2021-01-18 02:35:40.703988,TRUE,1.3776 h,3337.0 K,7.294,21,90.75943558,0,156.3359257,230,230
Wolf 503 b,2020-07-13 00:42:38.303998,TRUE,1.3210008 h,4716.0 K,8.324,20,90.75943558,0,156.3359257,230,230
Wolf 503 b,2020-06-25 00:37:32.447998,TRUE,1.3210008 h,4716.0 K,8.324,20,90.75943558,0,156.3359257,230,230
Wolf 503 b,2021-05-27 02:12:41.759998,TRUE,1.3210008 h,4716.0 K,8.324,20,90.75943558,0,156.3359257,230,230
Wolf 503 b,2021-06-08 02:16:05.663998,TRUE,1.3210008 h,4716.0 K,8.324,20,90.75943558,0,156.3359257,230,230
Wolf 503 b,2021-05-15 02:09:17.855998,TRUE,1.3210008 h,4716.0 K,8.324,20,90.75943558,0,156.3359257,230,230
Wolf 503 b,2020-07-07 00:40:56.351998,TRUE,1.3210008 h,4716.0 K,8.324,20,90.75943558,0,156.3359257,230,230
Wolf 503 b,2021-06-02 02:14:23.711998,TRUE,1.3210008 h,4716.0 K,8.324,20,90.75943558,0,156.3359257,230,230
Wolf 503 b,2020-06-19 00:35:50.495998,TRUE,1.3210008 h,4716.0 K,8.324,20,90.75943558,0,156.3359257,230,230
Wolf 503 b,2021-04-21 02:02:30.047998,TRUE,1.3210008 h,4716.0 K,8.324,20,90.75943558,0,156.3359257,230,230
Wolf 503 b,2021-05-03 02:05:53.951998,TRUE,1.3210008 h,4716.0 K,8.324,20,90.75943558,0,156.3359257,230,230
Wolf 503 b,2021-05-09 02:07:35.903998,TRUE,1.3210008 h,4716.0 K,8.324,20,90.75943558,0,156.3359257,230,230
Wolf 503 b,2020-07-19 00:44:20.255998,TRUE,1.3210008 h,4716.0 K,8.324,20,90.75943558,0,156.3359257,230,230
,time,airmass,moon sep,moon phase,az,alt,,,,,
Eclipse Begin : KELT-10 b,2020-06-20 02:59:50.146232,1.301178894,144.5202268,13.84880419,134.9329529,50.22240829,,,,,
Eclipse Mid,2020-06-20 04:52:09.346232,1.101405482,145.482117,12.54961947,157.7753448,65.2209549,,,,,
Eclipse End,2020-06-20 06:44:28.546232,1.105536343,146.4512738,11.28353195,203.9968414,64.76117706,,,,,
Eclipse Begin : KELT-10 b,2020-07-15 02:56:26.535992,1.117071838,120.8157424,65.91341045,152.0903778,63.53381729,,,,,
Eclipse Mid,2020-07-15 04:48:45.735992,1.093140783,121.8602249,64.81369884,197.675766,66.17666626,,,,,
Eclipse End,2020-07-15 06:41:04.935992,1.265855363,122.8044974,63.8675149,223.8632507,52.18361282,,,,,
Eclipse Begin : KELT-10 b,2020-08-09 02:53:02.925752,1.085180892,95.9018585,117.1407808,190.561142,67.14715576,,,,,
Eclipse Mid,2020-08-09 04:45:22.125752,1.222537481,96.70332205,116.3794695,221.7392578,54.88217926,,,,,
Eclipse End,2020-08-09 06:37:41.325752,1.686509018,97.39112793,115.7735792,228.6107635,36.36597443,,,,,
Eclipse Begin : KELT-10 b,2021-06-09 06:11:45.667832,1.083504196,138.1014844,12.54541485,171.8679962,67.35845947,,,,,
Eclipse Mid,2021-06-09 08:04:04.867832,1.145318322,139.1166258,11.43405344,214.0487976,60.8232193,,,,,
Eclipse End,2021-06-09 09:56:24.067832,1.45189223,140.0465745,10.47424949,227.6450653,43.53174591,,,,,
Eclipse Begin : KELT-14 b,2020-10-22 06:15:04.768000,1.47955361,113.3470843,73.52748189,125.9337463,42.52248764,,,,,
Eclipse Mid,2020-10-22 07:20:43.312000,1.229436817,113.4689419,74.28371475,129.4305878,54.42754745,,,,,
Eclipse End,2020-10-22 08:26:21.856000,1.102188294,113.5631764,75.07273748,140.9209747,65.13294983,,,,,
Eclipse Begin : KELT-14 b,2020-11-03 05:32:26.999680,1.456477949,73.93373166,151.244441,126.0258484,43.36060715,,,,,
Eclipse Mid,2020-11-03 06:38:05.543680,1.217439943,73.90413979,150.9736907,129.8946075,55.22475815,,,,,
Eclipse End,2020-11-03 07:43:44.087680,1.096549287,73.85115304,150.7021798,142.2238312,65.776474,,,,,
Eclipse Begin : KELT-14 b,2020-11-15 04:49:49.231360,1.434438485,101.8487784,3.043016756,126.1365204,44.19774628,,,,,
Eclipse Mid,2020-11-15 05:55:27.775360,1.205985092,102.2320008,3.090160528,130.3970337,56.0164032,,,,,
Eclipse End,2020-11-15 07:01:06.319360,1.091265164,102.5819003,3.346474577,143.6142273,66.40068817,,,,,
Eclipse Begin : KELT-14 b,2020-11-27 04:07:11.463040,1.413381213,87.80379117,144.4775044,126.2665558,45.03375244,,,,,
Eclipse Mid,2020-11-27 05:12:50.007040,1.195052132,87.71633311,144.795175,130.9401855,56.80201721,,,,,
Eclipse End,2020-11-27 06:18:28.551040,1.086328263,87.59008979,145.1510324,145.0962372,67.00399017,,,,,
Eclipse Begin : KELT-14 b,2020-12-09 03:24:33.694720,1.39325681,82.80565719,75.06338219,126.4167862,45.86843109,,,,,
Eclipse Mid,2020-12-09 04:30:12.238720,1.184622562,83.13862603,74.37087607,131.5264435,57.5810585,,,,,
Eclipse End,2020-12-09 05:35:50.782720,1.08173162,83.42678629,73.73496188,146.6736755,67.58461761,,,,,
Eclipse Begin : KELT-14 b,2020-12-21 02:41:55.926400,1.374019755,102.994436,79.67382973,126.5881119,46.70157242,,,,,
Eclipse Mid,2020-12-21 03:47:34.470400,1.174679284,102.8707363,80.14807637,132.158432,58.35293198,,,,,
Eclipse End,2020-12-21 04:53:13.014400,1.077468989,102.7015064,80.68081968,148.3499603,68.14070129,,,,,
Eclipse Begin : KELT-14 b,2020-12-26 05:49:22.597120,1.051887323,80.20833042,135.6391553,188.7198486,71.92887115,,,,,
Eclipse Mid,2020-12-26 06:55:01.141120,1.097523634,80.01896174,136.0468259,217.9999542,65.66366577,,,,,
Eclipse End,2020-12-26 08:00:39.685120,1.219497744,79.78630229,136.5135911,230.1813049,55.08576584,,,,,
Eclipse Begin : KELT-14 b,2021-01-02 01:59:18.158080,1.355627097,69.91789593,143.8683426,126.7814865,47.53297043,,,,,
Eclipse Mid,2021-01-02 03:04:56.702080,1.165205822,70.06691941,143.3987667,132.8388824,59.11702728,,,,,
Eclipse End,2021-01-02 04:10:35.246080,1.073534291,70.18068108,142.9865215,150.1279297,68.67027283,,,,,
Eclipse Begin : KELT-14 b,2021-01-07 05:06:44.828800,1.052983539,92.76168165,78.69304953,191.3570862,71.74694824,,,,,
Eclipse Mid,2021-01-07 06:12:23.372800,1.103241107,92.98305166,78.09493707,219.2868958,65.01524353,,,,,
Eclipse End,2021-01-07 07:18:01.916800,1.231613774,93.15431521,77.55940093,230.637085,54.28619003,,,,,
Eclipse Begin : KELT-14 b,2021-01-14 01:16:40.389760,1.338039549,113.1321217,10.59160104,126.9978867,48.3623848,,,,,
Eclipse Mid,2021-01-14 02:22:18.933760,1.156187116,113.1186036,11.28806419,133.570694,59.87264633,,,,,
Eclipse End,2021-01-14 03:27:57.477760,1.069922124,113.069232,12.03651836,152.0096893,69.17126465,,,,,
Eclipse Begin : KELT-14 b,2021-01-19 04:24:07.060480,1.054376946,95.65109122,70.95532826,193.9297943,71.51874542,,,,,
Eclipse Mid,2021-01-19 05:29:45.604480,1.109325076,95.37818279,71.533472,220.4919891,64.34918976,,,,,
Eclipse End,2021-01-19 06:35:24.148480,1.244302211,95.06388888,72.16146648,231.0574951,53.48135757,,,,,
Eclipse Begin : KELT-14 b,2021-01-31 03:41:29.292160,1.056069138,75.74162766,149.1586532,196.4263306,71.2460022,,,,,
Eclipse Mid,2021-01-31 04:47:07.836160,1.115783912,75.84149019,148.7655834,221.6194305,63.66697311,,,,,
Eclipse End,2021-01-31 05:52:46.380160,1.257585405,75.90636907,148.4069473,231.444519,52.67175293,,,,,
Eclipse Begin : KELT-14 b,2021-02-12 02:58:51.523840,1.058062293,109.5383091,5.49094697,198.8370972,70.93067169,,,,,
Eclipse Mid,2021-02-12 04:04:30.067840,1.122626841,109.310696,6.075662419,222.6733856,62.96990585,,,,,
Eclipse End,2021-02-12 05:10:08.611840,1.271487487,109.0530826,6.71966353,231.8000031,51.85780716,,,,,
Eclipse Begin : KELT-14 b,2021-02-24 02:16:13.755520,1.060358869,67.89073931,138.5005586,201.1545868,70.57488251,,,,,
Eclipse Mid,2021-02-24 03:21:52.299520,1.129863546,67.84962332,138.8153781,223.6578674,62.25922775,,,,,
Eclipse End,2021-02-24 04:27:30.843520,1.286033912,67.78365357,139.1572509,232.1256714,51.03993988,,,,,
Eclipse Begin : KELT-14 b,2021-03-08 01:33:35.987200,1.06296179,113.0530277,64.2445767,203.3734131,70.18086243,,,,,
Eclipse Mid,2021-03-08 02:39:14.531200,1.137504697,113.0690465,63.45701634,224.5768433,61.53606033,,,,,
Eclipse End,2021-03-08 03:44:53.075200,1.301252517,113.0531049,62.70542819,232.4230957,50.2185173,,,,,
Eclipse Begin : KELT-14 b,2021-03-20 00:50:58.218880,1.065874274,74.11150581,72.14664461,205.4899139,69.75093079,,,,,
Eclipse Mid,2021-03-20 01:56:36.762880,1.145561222,73.95725375,72.50841529,225.434021,60.8014679,,,,,
Eclipse End,2021-03-20 03:02:15.306880,1.31717204,73.76640253,72.92713643,232.6937714,49.3939209,,,,,
Eclipse Begin : KELT-14 b,2021-04-01 00:08:20.450560,1.069100247,102.6968684,134.3239879,207.502243,69.28735352,,,,,
Eclipse Mid,2021-04-01 01:13:58.994560,1.15404535,102.9004236,133.6161737,226.2329407,60.05638885,,,,,
Eclipse End,2021-04-01 02:19:37.538560,1.333824133,103.0561917,132.9749506,232.9389801,48.56647873,,,,,
Eclipse Begin : K2-3 b,2021-02-21 03:44:42.305428,1.331993952,96.79576943,104.3361521,61.62010956,48.65574646,,,,,
Eclipse Mid,2021-02-21 05:06:29.103988,1.124908649,96.21437931,104.8582785,34.52102661,62.74298477,,,,,
Eclipse End,2021-02-21 06:28:15.902548,1.091687108,95.53410448,105.4784308,346.3039551,66.35005188,,,,,
Eclipse Begin : K2-3 c,2021-05-15 23:45:45.448007,1.113525093,73.76621456,45.13069537,29.86047173,63.90277863,,,,,
Eclipse Mid,2021-05-16 01:34:44.848007,1.122936569,72.95561324,45.85578553,326.1993103,62.93894577,,,,,
Eclipse End,2021-05-16 03:23:44.248007,1.455914756,71.97212596,46.75566685,293.059845,43.38154221,,,,,
Eclipse Begin : K2-3 d,2021-04-16 23:44:22.793454,1.446968471,94.29934139,52.44501796,66.63614655,43.71725082,,,,,
Eclipse Mid,2021-04-17 01:54:07.792014,1.100360528,93.41097221,53.24085726,22.16371346,65.33908844,,,,,
Eclipse End,2021-04-17 04:03:52.790574,1.183466557,92.27908146,54.27786074,311.9001465,57.66928864,,,,,
Eclipse Begin : WASP-76 b,2020-10-24 01:50:25.089604,1.414663724,78.84713754,95.6609479,57.70947647,44.98176956,,,,,
Eclipse Mid,2020-10-24 03:41:13.569604,1.141042356,78.08186481,96.37108668,18.922966,61.21010971,,,,,
Eclipse End,2020-10-24 05:32:02.049604,1.191591019,77.14376813,97.2525349,323.7470398,57.05722427,,,,,
Eclipse Begin : WASP-76 b,2020-11-22 00:50:11.496004,1.229121763,57.76034908,87.76949435,42.77738953,54.44808578,,,,,
Eclipse Mid,2020-11-22 02:40:59.976004,1.130228261,57.04829519,88.42341345,350.3420105,62.22409439,,,,,
Eclipse End,2020-11-22 04:31:48.456004,1.338069723,56.17724551,89.2337166,306.6275024,48.3609314,,,,,
Eclipse Begin : WASP-85 A b,2021-02-21 05:47:14.284486,1.180913751,95.89621581,105.1548029,15.85110378,57.86550903,,,,,
Eclipse Mid,2021-02-21 07:05:06.796486,1.191091874,95.21230679,105.7902449,339.3530884,57.0942955,,,,,
Eclipse End,2021-02-21 08:22:59.308486,1.369071404,94.44312876,106.5108659,312.1490173,46.92179108,,,,,
Eclipse Begin : WASP-85 A b,2021-03-09 04:12:17.604166,1.220128269,124.9023723,50.13620277,29.39310074,55.04336929,,,,,
Eclipse Mid,2021-03-09 05:30:10.116166,1.16931173,125.7997756,49.31014529,354.0814209,58.78227234,,,,,
Eclipse End,2021-03-09 06:48:02.628166,1.270459829,126.617088,48.56505667,321.7394714,51.91686249,,,,,
Eclipse Begin : WASP-85 A b,2021-03-17 03:24:49.264006,1.250692393,136.3850178,40.89138881,35.32378006,53.08782959,,,,,
Eclipse Mid,2021-03-17 04:42:41.776006,1.167690195,135.6050381,41.62369132,1.795170665,58.91380692,,,,,
Eclipse End,2021-03-17 06:00:34.288006,1.235507366,134.7672084,42.41432388,327.3582764,54.03579712,,,,,
Eclipse Begin : WASP-85 A b,2021-04-02 01:49:52.583686,1.338413812,78.89097334,119.7025529,45.48339844,48.34436798,,,,,
Eclipse Mid,2021-04-02 03:07:45.095686,1.182761713,79.71975717,118.9399945,16.85389519,57.72327423,,,,,
Eclipse End,2021-04-02 04:25:37.607686,1.188753317,80.45215789,118.2747986,340.3213196,57.26890182,,,,,
Eclipse Begin : WASP-85 A b,2021-04-10 01:02:24.243526,1.398532107,176.8456362,23.66552245,49.79528046,45.64610291,,,,,
Eclipse Mid,2021-04-10 02:20:16.755526,1.199857251,175.9575474,22.85630151,23.81944656,56.4529686,,,,,
Eclipse End,2021-04-10 03:38:09.267526,1.175602916,175.0488543,22.03419593,347.5638428,58.27996826,,,,,
Eclipse Begin : WASP-85 A b,2021-04-18 00:14:55.903366,1.472368187,81.9870412,63.62081056,53.66914368,42.77943802,,,,,
Eclipse Mid,2021-04-18 01:32:48.415366,1.223893576,81.49196816,64.06649067,30.24836349,54.79201126,,,,,
Eclipse End,2021-04-18 02:50:40.927366,1.168728494,80.91404233,64.59582528,355.1434937,58.82948303,,,,,
Eclipse Begin : WASP-130 b,2021-04-19 04:03:55.024019,1.054463025,111.3492216,76.28687606,167.4568787,71.50475311,,,,,
Eclipse Mid,2021-04-19 05:55:31.024019,1.111287392,110.3973537,77.27149811,220.4579773,64.13930511,,,,,
Eclipse End,2021-04-19 07:47:07.024019,1.414515706,109.3417503,78.41282253,233.5381927,44.98776245,,,,,
Eclipse Begin : WASP-131 b,2021-03-09 05:19:39.836780,1.160401963,79.88248903,49.41715823,109.1390457,59.51594162,,,,,
Eclipse Mid,2021-03-09 07:14:34.556780,1.00870597,80.93765416,48.33163065,144.6388702,82.46685028,,,,,
Eclipse End,2021-03-09 09:09:29.276780,1.077311153,81.8137347,47.44296877,248.5792236,68.16162872,,,,,
Eclipse Begin : WASP-131 b,2021-03-25 04:30:48.198380,1.127021526,84.81761891,131.2001654,109.5902939,62.5352211,,,,,
Eclipse Mid,2021-03-25 06:25:42.918380,1.005901601,83.93651464,132.0057019,167.6521759,83.7904892,,,,,
Eclipse End,2021-03-25 08:20:37.638380,1.101858306,82.88486226,132.9991008,249.749115,65.16999817,,,,,
Eclipse Begin : WASP-131 b,2021-04-10 03:41:56.559980,1.09856936,134.7797551,21.99427939,110.3713913,65.54335022,,,,,
Eclipse Mid,2021-04-10 05:36:51.279980,1.006088901,135.8522641,20.80799426,195.6869354,83.69321442,,,,,
Eclipse End,2021-04-10 07:31:45.999980,1.130896488,136.849817,19.71195038,250.47966,62.15988541,,,,,
Eclipse Begin : WASP-131 b,2021-05-12 02:04:13.283180,1.054557313,156.4031203,2.942617085,113.5250015,71.48944855,,,,,
Eclipse Mid,2021-05-12 03:59:08.003180,1.015494994,155.5554793,4.072358065,230.7945709,79.97814178,,,,,
Eclipse End,2021-05-12 05:54:02.723180,1.204629,154.671178,5.269630027,251.0706024,56.11220932,,,,,
Eclipse Begin : WASP-131 b,2021-05-28 01:15:21.644780,1.038281306,52.55089304,156.7177183,116.4694214,74.39308929,,,,,
Eclipse Mid,2021-05-28 03:10:16.364780,1.024849939,53.37298228,155.7997957,238.571701,77.35695648,,,,,
Eclipse End,2021-05-28 05:05:11.084780,1.250760065,54.06771828,155.0481604,251.0637817,53.08370209,,,,,
Eclipse Begin : WASP-131 b,2021-06-13 00:26:30.006380,1.025470751,109.4791146,27.87461725,121.0987091,77.20324707,,,,,
Eclipse Mid,2021-06-13 02:21:24.726380,1.037473132,108.4304061,28.84794613,243.3224487,74.55367279,,,,,
Eclipse End,2021-06-13 04:16:19.446380,1.304331283,107.2384158,29.99700472,250.910141,50.05636215,,,,,
Eclipse Begin : WASP-140 b,2020-09-13 07:39:46.686415,1.077948122,72.08897763,54.69629324,83.54524231,68.07730103,,,,,
Eclipse Mid,2020-09-13 08:25:12.606415,1.021580185,72.4182331,54.36118508,71.33383179,78.20232391,,,,,
Eclipse End,2020-09-13 09:10:38.526415,1.002777122,72.71970885,54.05456543,6.78498745,85.73486328,,,,,
Eclipse Begin : WASP-140 b,2020-09-22 06:19:02.584015,1.182240075,140.1910752,66.06056084,89.52130127,57.76332474,,,,,
Eclipse Mid,2020-09-22 07:04:28.504015,1.077813111,140.0530866,66.61275095,83.5320816,68.09514618,,,,,
Eclipse End,2020-09-22 07:49:54.424015,1.021516876,139.896814,67.18057423,71.29821014,78.21933746,,,,,
Eclipse Begin : WASP-140 b,2020-10-01 04:58:18.481615,1.35773954,58.5720141,171.287082,93.87097168,47.43566513,,,,,
Eclipse Mid,2020-10-01 05:43:44.401615,1.182005302,58.45354961,171.5009576,89.51294708,57.78137589,,,,,
Eclipse End,2020-10-01 06:29:10.321615,1.0776775,58.32475844,171.7227372,83.51896667,68.11308289,,,,,
Eclipse Begin : WASP-140 b,2020-10-10 03:37:34.379215,1.655684859,66.92764676,87.77226119,97.67389679,37.15545654,,,,,
Eclipse Mid,2020-10-10 04:23:00.299215,1.357345094,67.3013942,87.37471033,93.86438751,47.45379639,,,,,
Eclipse End,2020-10-10 05:08:26.219215,1.18176917,67.65237884,87.00785972,89.50488281,57.79954529,,,,,
Eclipse Begin : WASP-140 b,2020-11-08 05:15:11.046415,1.005236806,85.15067059,93.63793035,44.50453186,84.14906311,,,,,
Eclipse Mid,2020-11-08 06:00:36.966415,1.009195558,85.46370139,93.31456849,301.7703552,82.25949097,,,,,
Eclipse End,2020-11-08 06:46:02.886415,1.048568734,85.74750249,93.01855203,280.3137512,72.49313354,,,,,
Eclipse Begin : WASP-140 b,2020-11-17 03:54:26.944015,1.035928941,132.454932,26.52088112,76.89792633,74.86584473,,,,,
Eclipse Mid,2020-11-17 04:39:52.864015,1.005212789,132.1521709,27.0961607,44.37009811,84.16243744,,,,,
Eclipse End,2020-11-17 05:25:18.784015,1.009232667,131.8279999,27.68527678,301.6869202,82.24401093,,,,,
Eclipse Begin : WASP-140 b,2020-11-26 02:33:42.841615,1.106607597,48.07567926,133.1100877,85.860672,64.64376831,,,,,
Eclipse Mid,2020-11-26 03:19:08.761615,1.035839145,47.99372283,133.316424,76.87537384,74.88422394,,,,,
Eclipse End,2020-11-26 04:04:34.681615,1.005188751,47.89938595,133.5346088,44.23360825,84.17585754,,,,,
Eclipse Begin : WASP-140 b,2020-12-05 01:12:58.739215,1.231150448,80.93327852,125.89331,91.0809021,54.31619263,,,,,
Eclipse Mid,2020-12-05 01:58:24.659215,1.106434166,81.31582073,125.4942374,85.85037994,64.66272736,,,,,
Eclipse End,2020-12-05 02:43:50.579215,1.035748598,81.6715859,125.1256914,76.85282135,74.90277863,,,,,
Eclipse Begin : WASP-140 b,2021-01-03 02:50:35.406415,1.031086859,100.1806421,131.1205376,284.5479126,75.89491272,,,,,
Eclipse Mid,2021-01-03 03:36:01.326415,1.097371113,100.487824,130.7836147,274.7861633,65.68127441,,,,,
Eclipse End,2021-01-03 04:21:27.246415,1.215778232,100.7647841,130.4747767,269.3628845,55.33769989,,,,,
Eclipse Begin : WASP-140 b,2021-01-12 01:29:51.304015,1.004077362,122.9362757,15.43064836,324.3616028,84.83475494,,,,,
Eclipse Mid,2021-01-12 02:15:17.224015,1.03117099,122.547864,14.86469474,284.5180664,75.87632751,,,,,
Eclipse End,2021-01-12 03:00:43.144015,1.097537224,122.139311,14.28853473,274.7727051,65.66209412,,,,,
Eclipse Begin : WASP-127 b,2021-02-21 03:43:54.718396,1.166388578,86.95779964,104.3315398,51.94232559,59.02001953,,,,,
Eclipse Mid,2021-02-21 05:53:09.118396,1.08018581,86.00225075,105.1999003,337.2487793,67.78424835,,,,,
Eclipse End,2021-02-21 08:02:23.518396,1.398780131,84.80372684,106.3126215,291.1263733,45.63571167,,,,,
Eclipse Begin : WASP-127 b,2021-03-14 01:05:57.502396,1.442277717,157.678362,7.70311771,70.36667633,43.89569855,,,,,
Eclipse Mid,2021-03-14 03:15:11.902396,1.086409154,156.6003467,8.862842863,27.6375885,66.99394226,,,,,
Eclipse End,2021-03-14 05:24:26.302396,1.149485527,155.3668476,10.18257942,310.9317627,60.45334244,,,,,
Eclipse Begin : GJ 9827 c,2020-07-21 07:51:46.776318,1.094105683,134.6142896,8.823497528,12.28248692,66.06248474,,,,,
Eclipse Mid,2020-07-21 08:46:31.704318,1.102838818,135.2496367,9.44308931,338.8019409,65.06012726,,,,,
Eclipse End,2020-07-21 09:41:16.632318,1.178939864,135.8479096,10.03112874,313.7571411,58.0185585,,,,,
Eclipse Begin : GJ 9827 c,2020-08-01 06:31:33.181758,1.124203319,72.60224835,150.1790368,32.52312851,62.81284332,,,,,
Eclipse Mid,2020-08-01 07:26:18.109758,1.090103728,72.17539694,150.5687299,1.251893878,66.54081726,,,,,
Eclipse End,2020-08-01 08:21:03.037758,1.119481829,71.7038393,151.0031557,329.4111938,63.28712845,,,,,
Eclipse Begin : GJ 9827 c,2020-08-12 05:11:19.587198,1.187595966,64.50329507,83.3869619,47.63528442,57.35587311,,,,,
Eclipse Mid,2020-08-12 06:06:04.515198,1.105952819,64.93305648,82.98679497,23.40145493,64.71544647,,,,,
Eclipse End,2020-08-12 07:00:49.443198,1.092645133,65.32022802,82.62895283,350.1447144,66.23560333,,,,,
Eclipse Begin : GJ 9827 c,2020-08-23 03:51:05.992638,1.294022103,146.4160171,54.8150649,58.48586273,50.60457993,,,,,
Eclipse Mid,2020-08-23 04:45:50.920638,1.152530465,145.7755267,55.42428865,40.99608231,60.18738556,,,,,
Eclipse End,2020-08-23 05:40:35.848638,1.094731043,145.0981313,56.06930112,13.15395737,65.98886108,,,,,
Eclipse Begin : GJ 9827 c,2020-11-15 01:36:01.767678,1.134537085,121.6948836,4.076621554,323.8806152,61.81373978,,,,,
Eclipse Mid,2020-11-15 02:30:46.695678,1.255583208,120.9574922,3.656913209,304.5096741,52.79172897,,,,,
Eclipse End,2020-11-15 03:25:31.623678,1.500434561,120.1966435,3.317125874,292.3102112,41.79547501,,,,,
Eclipse Begin : WASP-167 b,2021-03-08 02:43:51.875209,1.625972763,75.6304193,63.40273786,117.1161041,37.95311737,,,,,
Eclipse Mid,2021-03-08 04:05:35.075209,1.227337088,76.43468607,62.47815471,117.513092,54.56483078,,,,,
Eclipse End,2021-03-08 05:27:18.275209,1.061344871,77.15831642,61.63593192,128.6845398,70.42449951,,,,,
Eclipse Begin : WASP-167 b,2021-03-10 03:15:29.184649,1.390531266,98.77135942,38.7678334,116.6497955,45.98431396,,,,,
Eclipse Mid,2021-03-10 04:37:12.384649,1.127889674,99.58383733,37.84514428,120.5226135,62.45049667,,,,,
Eclipse End,2021-03-10 05:58:55.584649,1.028108319,100.3354382,36.98404513,147.313385,76.57141876,,,,,
Eclipse Begin : WASP-167 b,2021-03-12 03:47:06.494089,1.235932696,120.7280072,15.29637588,117.3989563,54.00863266,,,,,
Eclipse Mid,2021-03-12 05:08:49.694089,1.064635674,121.4670619,14.44761862,127.8951645,69.93240356,,,,,
Eclipse End,2021-03-12 06:30:32.894089,1.018957347,122.1685335,13.64436577,184.3132324,78.93060303,,,,,
Eclipse Begin : WASP-167 b,2021-03-14 04:18:43.803529,1.133521784,139.5923394,9.499561185,120.2100296,61.90965652,,,,,
Eclipse Mid,2021-03-14 05:40:27.003529,1.029617322,140.1163243,10.35076202,145.4443207,76.22412872,,,,,
Eclipse End,2021-03-14 07:02:10.203529,1.032901665,140.6207515,11.20585479,217.9167786,75.49971008,,,,,
Eclipse Begin : WASP-167 b,2021-03-16 04:50:21.112969,1.068061692,150.2480253,31.00969691,127.1519547,69.43519592,,,,,
Eclipse Mid,2021-03-16 06:12:04.312969,1.018849679,150.2487588,31.87395795,181.3957825,78.96159363,,,,,
Eclipse End,2021-03-16 07:33:47.512969,1.071457971,150.2303044,32.75716532,233.5169373,68.95644379,,,,,
Eclipse Begin : WASP-167 b,2021-03-18 05:21:58.422409,1.031242826,145.4736995,52.65639724,143.6776123,75.86047363,,,,,
Eclipse Mid,2021-03-18 06:43:41.622409,1.031165731,144.9258049,53.48274248,216.2433167,75.87748718,,,,,
Eclipse End,2021-03-18 08:05:24.822409,1.139060339,144.3538531,54.35082514,240.0705109,61.39205933,,,,,
Eclipse Begin : WASP-167 b,2021-03-20 05:53:35.731849,1.018853105,129.8215044,74.31292466,178.4699249,78.96060181,,,,,
Eclipse Mid,2021-03-20 07:15:18.931849,1.067902434,129.0945266,75.10919678,232.8140717,69.45798492,,,,,
Eclipse End,2021-03-20 08:37:02.131849,1.244365976,128.3280153,75.96699959,242.7004852,53.4773941,,,,,
Eclipse Begin : WASP-167 b,2021-03-22 06:25:13.041289,1.029547403,109.9440108,96.54392188,214.4706726,76.24000549,,,,,
Eclipse Mid,2021-03-22 07:46:56.241289,1.133261337,109.1815798,97.31902414,239.7747955,61.93433762,,,,,
Eclipse End,2021-03-22 09:08:39.441289,1.403240987,108.3640457,98.1719441,243.3497925,45.44979095,,,,,
Eclipse Begin : WASP-167 b,2021-05-27 23:48:44.252809,1.088600208,62.6142298,157.5472598,123.8813705,66.72383881,,,,,
Eclipse Mid,2021-05-28 01:10:27.452809,1.020145499,63.23597921,156.7614041,166.1930847,78.59453583,,,,,
Eclipse End,2021-05-28 02:32:10.652809,1.054141638,63.77095276,156.0826117,229.2447662,71.55705261,,,,,
Eclipse Begin : WASP-167 b,2021-05-30 00:20:21.562249,1.041864276,87.69107482,130.0494662,135.8654327,73.70257568,,,,,
Eclipse Mid,2021-05-30 01:42:04.762249,1.023906752,88.39122012,129.2202108,205.631958,77.59443665,,,,,
Eclipse End,2021-05-30 03:03:47.962249,1.110265134,89.00453784,128.4960286,238.2673492,64.24835205,,,,,
Eclipse Begin : WASP-167 b,2021-06-01 00:51:58.871689,1.020738616,111.3484813,104.4976923,163.5054169,78.43066406,,,,,
Eclipse Mid,2021-06-01 02:13:42.071689,1.051295751,112.0390642,103.655122,228.2763367,72.02794647,,,,,
Eclipse End,2021-06-01 03:35:25.271689,1.200263207,112.6601697,102.902663,242.0195465,56.42375183,,,,,
Eclipse Begin : WASP-167 b,2021-06-03 01:23:36.181129,1.022898743,132.0513139,80.74729191,203.2989197,77.85379028,,,,,
Eclipse Mid,2021-06-03 02:45:19.381129,1.105367008,132.6423244,79.89931002,237.8592529,64.77980042,,,,,
Eclipse End,2021-06-03 04:07:02.581129,1.336819175,133.1906137,79.12086926,243.2712708,48.4212532,,,,,
Eclipse Begin : WASP-167 b,2021-06-05 01:55:13.490569,1.048577546,147.0346851,58.24118502,227.247345,72.49160767,,,,,
Eclipse Mid,2021-06-05 03:16:56.690569,1.192682488,147.3102495,57.38396733,241.8580627,56.97639465,,,,,
Eclipse End,2021-06-05 04:38:39.890569,1.5434461,147.5739095,56.57441254,243.1199188,40.38351822,,,,,
Eclipse Begin : WASP-107 b,2021-02-15 04:02:32.080005,1.63409131,168.1212328,39.30299167,83.86279297,37.73142624,,,,,
Eclipse Mid,2021-02-15 05:25:07.120005,1.204903893,168.5084007,40.14811794,70.6889801,56.09275055,,,,,
Eclipse End,2021-02-15 06:47:42.160005,1.052267299,168.8326612,41.0397172,39.64468765,71.86557007,,,,,
Eclipse Begin : WASP-107 b,2021-04-19 02:30:56.176005,1.061029486,87.52409942,75.60693791,45.07877731,70.47245026,,,,,
Eclipse Mid,2021-04-19 03:53:31.216005,1.038984673,86.86389187,76.2043986,334.6347656,74.25482941,,,,,
Eclipse End,2021-04-19 05:16:06.256005,1.152383166,86.10382019,76.90368603,293.9552612,60.20016861,,,,,
Eclipse Begin : WASP-107 b,2021-05-11 23:46:43.120005,1.205730777,138.5078995,1.817365174,70.75176239,56.03433609,,,,,
Eclipse Mid,2021-05-12 01:09:18.160005,1.052499859,137.7396645,2.454716815,39.82477951,71.8269577,,,,,
Eclipse End,2021-05-12 02:31:53.200005,1.044110383,136.8909341,3.203301264,327.6781006,73.28617859,,,,,
Eclipse Begin : WASP-156 b,2020-11-20 03:31:24.673755,1.138075336,87.99669823,64.97074018,340.8787537,61.48311615,,,,,
Eclipse Mid,2020-11-20 04:43:42.675195,1.265906984,87.25991272,65.67315766,312.0137024,52.18060303,,,,,
Eclipse End,2020-11-20 05:56:00.676635,1.610270962,86.4523918,66.44257361,295.1382751,38.3901825,,,,,
Eclipse Begin : HD 106315 b,2021-02-22 04:29:30.846574,1.327789461,94.01510522,115.808383,59.34475708,48.86236572,,,,,
Eclipse Mid,2021-02-22 06:22:45.848014,1.101796209,93.16359848,116.5826949,14.60945034,65.17697906,,,,,
Eclipse End,2021-02-22 08:16:00.849454,1.18389821,92.1204425,117.5488832,314.8308716,57.63629913,,,,,
Eclipse Begin : HD 106315 b,2021-04-30 01:17:24.222574,1.14301776,78.14385354,138.1505479,36.12382889,61.03042603,,,,,
Eclipse Mid,2021-04-30 03:10:39.224014,1.119169461,79.24506445,137.1289127,332.9129333,63.31892395,,,,,
Eclipse End,2021-04-30 05:03:54.225454,1.432391961,80.15112102,136.3014411,295.6750488,44.27740097,,,,,
Eclipse Begin : HD 106315 c,2021-03-22 02:21:02.311996,1.409723601,87.10549925,94.80293886,63.42274094,45.1827774,,,,,
Eclipse Mid,2021-03-22 04:40:10.711996,1.098557995,86.1262617,95.68752917,10.18673134,65.54465485,,,,,
Eclipse End,2021-03-22 06:59:19.111996,1.273105765,84.86248454,96.85661697,304.4668884,51.76515961,,,,,
Eclipse Begin : WASP-70 A b,2020-06-18 05:51:16.457276,1.174991117,98.82730779,34.62749693,74.97724915,58.32826996,,,,,
Eclipse Mid,2020-06-18 07:31:16.937276,1.025339008,99.83073446,33.67847172,29.10789108,77.23569489,,,,,
Eclipse End,2020-06-18 09:11:17.417276,1.070814263,100.6981283,32.85885689,299.1236877,69.04615021,,,,,
Eclipse Begin : WASP-70 A b,2020-07-14 05:38:31.134716,1.031094738,82.88487181,75.38540809,38.57145309,75.89317322,,,,,
Eclipse Mid,2020-07-14 07:18:31.614716,1.057001672,83.64634566,74.67798098,303.6817932,71.09768677,,,,,
Eclipse End,2020-07-14 08:58:32.094716,1.312043658,84.27621266,74.0993317,278.4702454,49.65585327,,,,,
Eclipse Begin : WASP-70 A b,2020-07-29 02:05:30.950396,1.443736839,77.75912914,109.9455432,84.94988251,43.84000778,,,,,
Eclipse Mid,2020-07-29 03:45:31.430396,1.095043481,77.07021233,110.5720227,66.17624664,65.95219421,,,,,
Eclipse End,2020-07-29 05:25:31.910396,1.020589895,76.2533445,111.3225967,347.5271912,78.4715271,,,,,
Eclipse Begin : WASP-70 A b,2020-08-24 01:52:45.627836,1.115179061,95.58504523,67.14183575,69.21772003,63.72982788,,,,,
Eclipse Mid,2020-08-24 03:32:46.107836,1.019685814,94.64303179,68.01782951,0.49390167,78.72328949,,,,,
Eclipse End,2020-08-24 05:12:46.587836,1.113566593,93.55061491,69.0425471,290.9958496,63.89841843,,,,,
Eclipse Begin : WASP-70 A b,2020-09-19 01:40:00.305276,1.020736655,115.4042469,22.32625169,13.41153145,78.43120575,,,,,
Eclipse Mid,2020-09-19 03:20:00.785276,1.09365063,114.1550917,23.49739004,294.0702515,66.11624146,,,,,
Eclipse End,2020-09-19 05:00:01.265276,1.439067984,112.8051597,24.77188033,275.1479187,44.01878738,,,,,
Eclipse Begin : WASP-80 b,2020-06-30 03:07:27.280852,1.61519009,91.85024393,113.0056989,71.90975952,38.25205994,,,,,
Eclipse Mid,2020-06-30 04:11:23.082292,1.277158679,91.40943122,113.4458914,59.15129089,51.53498077,,,,,
Eclipse End,2020-06-30 05:15:18.883732,1.127180114,90.91142816,113.9369558,37.37047195,62.51971436,,,,,
Eclipse Begin : WASP-80 b,2020-07-03 04:45:09.723028,1.157502434,51.30640655,153.9006067,45.00603104,59.76064301,,,,,
Eclipse Mid,2020-07-03 05:49:05.524468,1.086577052,50.92373062,154.2791664,12.47911644,66.97309875,,,,,
Eclipse End,2020-07-03 06:53:01.325908,1.103321431,50.49228385,154.7002462,332.7182922,65.00629425,,,,,
Eclipse Begin : WASP-80 b,2020-08-12 01:55:21.471316,1.183579222,109.3832331,85.15348724,49.50575638,57.66067123,,,,,
Eclipse Mid,2020-08-12 02:59:17.272756,1.093207981,110.0060192,84.52501353,20.12022209,66.16869354,,,,,
Eclipse End,2020-08-12 04:03:13.074196,1.093305975,110.5758946,83.94457444,339.7927246,66.15706635,,,,,
Eclipse Begin : WASP-80 b,2020-08-15 03:33:03.913492,1.084669152,143.2589159,50.16775047,351.120697,67.21138,,,,,
Eclipse Mid,2020-08-15 04:36:59.714932,1.147193124,143.8345722,49.46947811,317.2155457,60.65595627,,,,,
Eclipse End,2020-08-15 05:40:55.516372,1.324739957,144.3568602,48.81716543,297.8205261,49.01358795,,,,,
Eclipse Begin : WASP-80 b,2021-05-18 06:06:43.709332,1.548024135,157.9477234,70.88607073,70.39174652,40.23954773,,,,,
Eclipse Mid,2021-05-18 07:10:39.510772,1.246989022,157.8291261,71.56679116,56.73858261,53.31496048,,,,,
Eclipse End,2021-05-18 08:14:35.312212,1.115173411,157.6534816,72.28029084,33.01906204,63.73041916,,,,,
Eclipse Begin : WASP-80 b,2021-05-21 07:44:26.151508,1.141178386,131.5172082,108.13185,41.33694458,61.19768143,,,,,
Eclipse Mid,2021-05-21 08:48:21.952948,1.083799782,130.866281,108.8233832,6.599529743,67.32102966,,,,,
Eclipse End,2021-05-21 09:52:17.754388,1.112929902,130.1631705,109.5568519,327.931488,63.96540451,,,,,
Eclipse Begin : WASP-84 b,2021-01-15 04:05:47.935981,1.239029589,159.5754412,24.73647746,46.79629517,53.8119278,,,,,
Eclipse Mid,2021-01-15 05:28:15.199981,1.120578693,159.1654264,25.70461311,10.76022911,63.17589569,,,,,
Eclipse End,2021-01-15 06:50:42.463981,1.161237642,158.670587,26.69516878,327.553833,59.44597244,,,,,
Eclipse Begin : WASP-121 b,2020-11-05 05:25:01.460818,1.434932901,65.47204398,128.8086276,121.5003433,44.17855453,,,,,
Eclipse Mid,2020-11-05 06:51:38.420818,1.147109221,65.48733803,128.4023883,126.9581375,60.66341019,,,,,
Eclipse End,2020-11-05 08:18:15.380818,1.041422148,65.46313026,128.0306168,155.4638519,73.78598022,,,,,
Eclipse Begin : WASP-121 b,2020-11-28 04:11:05.598418,1.359000378,81.40240333,155.4607429,121.8062897,47.37781525,,,,,
Eclipse Mid,2020-11-28 05:37:42.558418,1.116293886,81.27318198,155.8594004,129.6463928,63.61413574,,,,,
Eclipse End,2020-11-28 07:04:19.518418,1.035193365,81.07624476,156.317484,166.498291,75.01711273,,,,,
Eclipse Begin : WASP-121 b,2020-12-12 04:45:54.793618,1.110902307,101.7831966,33.94921492,130.279068,64.18031311,,,,,
Eclipse Mid,2020-12-12 06:12:31.753618,1.034440653,102.2609993,32.8873681,168.8746033,75.17369843,,,,,
Eclipse End,2020-12-12 07:39:08.713618,1.071375091,102.6515604,31.91054358,222.0831909,68.96796417,,,,,
Eclipse Begin : WASP-121 b,2020-12-21 02:57:09.736018,1.29480139,103.8354518,79.77868977,122.3814011,50.56261063,,,,,
Eclipse Mid,2020-12-21 04:23:46.696018,1.090993595,103.6088402,80.43471587,133.2730103,66.43335724,,,,,
Eclipse End,2020-12-21 05:50:23.656018,1.032928889,103.2969405,81.19078829,178.983963,75.4938736,,,,,
Eclipse Begin : WASP-121 b,2020-12-26 05:20:43.988818,1.033840776,78.06059161,135.4783205,171.3018951,75.29981232,,,,,
Eclipse Mid,2020-12-26 06:47:20.948818,1.075035116,77.80345797,135.9962243,223.138916,68.46635437,,,,,
Eclipse End,2020-12-26 08:13:57.908818,1.252417949,77.46766786,136.6156293,236.9629211,52.98286438,,,,,
Eclipse Begin : WASP-121 b,2020-12-30 01:08:24.678418,1.687930807,65.00955832,177.7386032,121.6453094,36.33044434,,,,,
Eclipse Mid,2020-12-30 02:35:01.638418,1.250443704,65.05360483,177.6449377,123.0758057,53.10300446,,,,,
Eclipse End,2020-12-30 04:01:38.598418,1.074314282,65.06411253,177.5173781,137.0623627,68.56398773,,,,,
Eclipse Begin : WASP-121 b,2021-01-04 03:31:58.931218,1.086620486,75.90704762,118.2405807,134.1236267,66.9677124,,,,,
Eclipse Mid,2021-01-04 04:58:35.891218,1.03294956,76.18548736,117.5956318,181.5046082,75.48944092,,,,,
Eclipse End,2021-01-04 06:25:12.851218,1.091871002,76.38214462,117.0437554,226.8830414,66.32802582,,,,,
Eclipse Begin : WASP-121 b,2021-01-13 01:43:13.873618,1.24045025,116.8688146,3.05242834,123.2842789,53.72232437,,,,,
Eclipse Mid,2021-01-13 03:09:50.833618,1.070697855,116.9171603,2.396043774,138.1361084,69.06242371,,,,,
Eclipse End,2021-01-13 04:36:27.793618,1.034589928,116.9036979,2.142881511,191.5892181,75.1424942,,,,,
Eclipse Begin : WASP-121 b,2021-01-18 04:06:48.126418,1.033122051,100.624505,59.71149116,184.0188141,75.45252228,,,,,
Eclipse Mid,2021-01-18 05:33:25.086418,1.096489261,100.2186096,60.53560256,227.672226,65.78344727,,,,,
Eclipse End,2021-01-18 07:00:02.046418,1.308958992,99.74304891,61.43305531,237.7761078,49.81507874,,,,,
Eclipse Begin : WASP-121 b,2021-01-27 02:18:03.068818,1.067258046,64.60371748,159.2061962,139.2722931,69.55050659,,,,,
Eclipse Mid,2021-01-27 03:44:40.028818,1.035384806,64.59026948,159.5953157,193.9558411,74.97758484,,,,,
Eclipse End,2021-01-27 05:11:16.988818,1.117401118,64.52624261,160.0057321,230.4623566,63.49992371,,,,,
Eclipse Begin : WASP-121 b,2021-02-10 02:52:52.264018,1.036333294,116.4645208,20.88479268,196.26297,74.78340912,,,,,
Eclipse Mid,2021-02-10 04:19:29.224018,1.123070218,116.3143769,19.85006282,231.0491638,62.92560196,,,,,
Eclipse End,2021-02-10 05:46:06.184018,1.375782746,116.1144043,18.85507785,238.2784271,46.62371063,,,,,
Eclipse Begin : WASP-121 b,2021-02-19 01:04:07.206418,1.052444312,77.68061644,81.59595344,146.1003876,71.83617401,,,,,
Eclipse Mid,2021-02-19 02:30:44.166418,1.041790269,77.46774365,82.05748117,204.9170074,73.71650696,,,,,
Eclipse End,2021-02-19 03:57:21.126418,1.148484899,77.17642986,82.61373253,233.116333,60.54152679,,,,,
Eclipse Begin : WASP-121 b,2021-03-05 01:38:56.401618,1.043532003,107.2450234,102.326474,206.8360138,73.39225769,,,,,
Eclipse Mid,2021-03-05 03:05:33.361618,1.155323264,107.5350003,101.3918808,233.5496521,59.94655228,,,,,
Eclipse End,2021-03-05 04:32:10.321618,1.454908254,107.7424419,100.5690072,238.5248718,43.41901016,,,,,
Eclipse Begin : WASP-121 b,2021-03-28 00:25:00.539218,1.054848278,80.31012473,168.4758992,215.2958374,71.44229889,,,,,
Eclipse Mid,2021-03-28 01:51:37.499218,1.193947569,80.51282445,169.0481629,235.3813477,56.88311386,,,,,
Eclipse End,2021-03-28 03:18:14.459218,1.548992239,80.65161865,169.5834027,238.5559235,40.2092514,,,,,
Eclipse Begin : K2-38 c,2021-03-24 06:37:45.062579,1.120500163,119.2441197,119.8528355,93.18904114,63.18383789,,,,,
Eclipse Mid,2021-03-24 07:53:44.464019,1.013958682,118.5142539,120.5314685,83.78883362,80.48192596,,,,,
Eclipse End,2021-03-24 09:09:43.865459,1.010095682,117.7026297,121.2910043,277.9965515,81.89250946,,,,,
Eclipse Begin : K2-38 c,2021-05-16 01:57:10.022579,1.371390502,141.5968539,46.02656579,98.3993988,46.81827164,,,,,
Eclipse Mid,2021-05-16 03:13:09.424019,1.11220097,140.9069789,46.66078997,92.88905334,64.04238129,,,,,
Eclipse End,2021-05-16 04:29:08.825459,1.01154346,140.1382088,47.3749204,82.77236938,81.33582306,,,,,
Eclipse Begin : K2-38 c,2021-06-06 04:52:56.006579,1.039579563,146.7701433,45.58219603,271.4101257,74.13895416,,,,,
Eclipse Mid,2021-06-06 06:08:55.408019,1.194467731,147.5296554,44.86615912,264.7067261,56.84488297,,,,,
Eclipse End,2021-06-06 07:24:54.809459,1.565484344,148.2265913,44.21732474,259.4091492,39.70090485,,,,,
Eclipse Begin : WASP-20 b,2020-08-15 05:30:51.927348,1.116736004,98.5498525,48.91634325,94.35293579,63.56845093,,,,,
Eclipse Mid,2020-08-15 07:12:57.687348,1.001591382,99.56905382,47.97669876,76.23703003,86.76974487,,,,,
Eclipse End,2020-08-15 08:55:03.447348,1.065584902,100.4467398,47.19313836,267.6636963,69.79315186,,,,,
Eclipse Begin : WASP-20 b,2020-10-08 03:00:58.758708,1.02318442,89.6659821,110.9411324,88.9903183,77.77968597,,,,,
Eclipse Mid,2020-10-08 04:43:04.518708,1.019299078,90.4915037,110.2087814,271.6088562,78.83283997,,,,,
Eclipse End,2020-10-08 06:25:10.278708,1.211691111,91.178451,109.6198809,263.2911682,55.61819077,,,,,
Eclipse Begin : WASP-20 b,2020-10-13 00:36:26.652468,1.31648617,147.1669573,53.03699891,98.49596405,49.4287529,,,,,
Eclipse Mid,2020-10-13 02:18:32.412468,1.04801779,148.3277402,51.7710584,91.31920624,72.58888245,,,,,
Eclipse End,2020-10-13 04:00:38.172468,1.005485774,149.4570477,50.55706509,276.3919067,84.01221466,,,,,
Eclipse Begin : K2-265 b,2020-06-23 07:43:52.248159,1.107594269,139.3002168,25.35792136,70.91790009,64.53627777,,,,,
Eclipse Mid,2020-06-23 08:51:51.049599,1.024583146,140.1520176,26.16349502,36.91511154,77.42363739,,,,,
Eclipse End,2020-06-23 09:59:49.851039,1.028235347,140.9642233,26.92947042,317.8323669,76.54180908,,,,,
Eclipse Begin : K2-265 b,2020-07-31 05:29:35.620959,1.08047784,72.74596412,137.1371677,66.50666046,67.74636078,,,,,
Eclipse Mid,2020-07-31 06:37:34.422399,1.018379533,72.22460663,137.6198987,20.76865768,79.09802246,,,,,
Eclipse End,2020-07-31 07:45:33.223839,1.040312891,71.63601878,138.1716813,307.3757935,73.99741364,,,,,
Eclipse Begin : K2-265 b,2020-08-19 04:22:27.307359,1.068938038,169.1084211,4.552979781,63.87800598,69.31035614,,,,,
Eclipse Mid,2020-08-19 05:30:26.108799,1.016790293,170.0338018,4.895142566,11.17264652,79.57321167,,,,,
Eclipse End,2020-08-19 06:38:24.910239,1.048006698,170.946248,5.368604496,303.2669678,72.59081268,,,,,
Eclipse Begin : K2-265 b,2020-09-07 03:15:18.993759,1.058657596,61.60566233,124.8812199,60.88369751,70.83768463,,,,,
Eclipse Mid,2020-09-07 04:23:17.795199,1.016198258,62.09026861,124.4559375,0.974191427,79.75619507,,,,,
Eclipse End,2020-09-07 05:31:16.596639,1.056855163,62.51909054,124.088137,299.7286987,71.12090302,,,,,
Eclipse Begin : K2-265 b,2020-10-15 01:01:02.366559,1.041669303,161.8809683,26.22958171,53.44502258,73.73929596,,,,,
Eclipse Mid,2020-10-15 02:09:01.167999,1.018004111,160.9611407,25.37920968,340.9653931,79.20827484,,,,,
Eclipse End,2020-10-15 03:16:59.969439,1.078212842,160.028031,24.52145737,293.9611816,68.04237366,,,,,
Eclipse Begin : WASP-166 b,2021-01-01 03:54:24.920007,1.598862428,47.11969537,155.3222312,98.02046204,38.71483231,,,,,
Eclipse Mid,2021-01-01 05:42:24.920007,1.119822785,46.79593008,154.7804866,88.245224,63.25248337,,,,,
Eclipse End,2021-01-01 07:30:24.920007,1.002321203,46.42152465,154.2726832,24.74681473,86.09990692,,,,,
Eclipse Begin : WASP-166 b,2021-02-19 03:42:41.624007,1.016499066,99.64491842,82.51228117,72.04045868,79.66279602,,,,,
Eclipse Mid,2021-02-19 05:30:41.624007,1.03840564,98.87193257,83.33165829,279.7897949,74.36854553,,,,,
Eclipse End,2021-02-19 07:18:41.624007,1.308810291,97.95439963,84.30853301,265.9654236,49.82278824,,,,,
Eclipse Begin : WASP-166 b,2021-03-02 01:00:05.336007,1.257499165,55.65229939,142.6212129,92.94112396,52.67690659,,,,,
Eclipse Mid,2021-03-02 02:48:05.336007,1.02560453,56.31329879,141.6689707,76.63846588,77.17037964,,,,,
Eclipse End,2021-03-02 04:36:05.336007,1.026695143,56.81963324,140.883895,282.9679871,76.90581512,,,,,
Eclipse Begin : K2-266 c,2021-03-17 02:41:16.800006,1.138705432,121.6204518,40.51368689,28.96868324,61.42481995,,,,,
Eclipse Mid,2021-03-17 03:48:57.600006,1.109683156,120.9809463,41.1110331,351.742157,64.31071472,,,,,
Eclipse End,2021-03-17 04:56:38.400006,1.183209753,120.2876191,41.76153758,318.9870911,57.68894196,,,,,
Eclipse Begin : K2-266 c,2021-05-02 23:54:14.400006,1.121240441,141.829653,99.78375289,20.10282135,63.10910034,,,,,
Eclipse Mid,2021-05-03 01:01:55.200006,1.118534276,142.5791495,98.99879325,341.8523254,63.38373947,,,,,
Eclipse End,2021-05-03 02:09:36.000006,1.222735673,143.2751465,98.26294815,312.7752991,54.86897659,,,,,
Eclipse Begin : K2-290 b,2021-05-05 01:40:53.758557,1.649229089,92.62782746,74.55613432,97.45056152,37.32561111,,,,,
Eclipse Mid,2021-05-05 04:09:41.759997,1.056841724,94.26836618,73.01867714,80.62792969,71.12303162,,,,,
Eclipse End,2021-05-05 06:38:29.761437,1.043784906,95.63256773,71.75742927,281.698761,73.34577942,,,,,
Eclipse Begin : HR 858 b,2020-09-30 05:53:09.599992,1.03678818,52.68559451,161.0920775,117.0105286,74.69126129,,,,,
Eclipse Mid,2020-09-30 07:14:26.879992,1.008130177,52.48671783,161.5583506,212.126358,82.7184906,,,,,
Eclipse End,2020-09-30 08:35:44.159992,1.084777841,52.22565,162.09372,248.9081268,67.19772339,,,,,
Eclipse Begin : HR 858 b,2020-10-18 04:12:17.279992,1.075359004,136.5511927,19.22488953,111.6667633,68.42266083,,,,,
Eclipse Mid,2020-10-18 05:33:34.559992,1.006813362,136.2629028,20.29944481,156.8088837,83.33056641,,,,,
Eclipse End,2020-10-18 06:54:51.839992,1.042887791,135.9271175,21.3840844,244.4292908,73.51133728,,,,,
Eclipse Begin : HR 858 b,2020-11-05 02:31:24.959992,1.132618343,73.61768316,129.8642774,109.5790634,61.9954071,,,,,
Eclipse Mid,2020-11-05 03:52:42.239992,1.019354891,74.15057421,129.320956,125.4100037,78.8169632,,,,,
Eclipse End,2020-11-05 05:13:59.519992,1.017316662,74.60885217,128.864828,232.6446991,79.41332245,,,,,
Eclipse Begin : HR 858 b,2020-11-23 00:50:32.639992,1.213152344,57.55838632,99.29553648,108.9904861,55.51746368,,,,,
Eclipse Mid,2020-11-23 02:11:49.919992,1.046582694,57.35585951,99.71345662,114.8740387,72.84118652,,,,,
Eclipse End,2020-11-23 03:33:07.199992,1.006298714,57.10516561,100.1971869,197.4687958,83.58602905,,,,,
Eclipse Begin : HR 858 b,2021-01-05 01:36:27.071992,1.034797108,133.1203063,106.6526422,242.3976898,75.09931946,,,,,
Eclipse Mid,2021-01-05 02:57:44.351992,1.180510472,133.5981754,105.8363808,250.9085999,57.89668655,,,,,
Eclipse End,2021-01-05 04:19:01.631992,1.542170465,133.9887188,105.1123697,249.6374969,40.42384338,,,,,
Eclipse Begin : HR 858 d,2020-10-17 02:40:11.999990,1.349700314,139.7155952,5.680088001,109.3437653,47.80858231,,,,,
Eclipse Mid,2020-10-17 04:23:13.919990,1.064808712,139.8017358,6.696954639,112.5216675,69.90692902,,,,,
Eclipse End,2020-10-17 06:06:15.839990,1.007786687,139.8312151,7.834874534,210.1999207,82.87294769,,,,,
Eclipse Begin : HR 858 d,2020-12-01 00:44:59.999990,1.142260159,62.17465578,172.1480627,109.4370041,61.09914398,,,,,
Eclipse Mid,2020-12-01 02:28:01.919990,1.010332132,62.74721066,171.5580225,139.4705811,81.79891205,,,,,
Eclipse End,2020-12-01 04:11:03.839990,1.05387078,63.22554804,171.0716427,246.2401886,71.60125732,,,,,
Eclipse Begin : TOI-125 c,2020-08-23 05:50:43.583992,1.469995113,107.4584455,56.19203086,162.1039581,42.8650856,,,,,
Eclipse Mid,2020-08-23 07:19:21.503992,1.359481659,107.0984783,57.30042371,172.8282166,47.35578156,,,,,
Eclipse End,2020-08-23 08:47:59.423992,1.354245453,106.7182134,58.44375182,185.8421783,47.59687805,,,,,
Eclipse Begin : TOI-125 c,2020-10-17 03:31:49.439992,1.367431404,106.5485498,6.167561748,171.2562714,46.99533081,,,,,
Eclipse Mid,2020-10-17 05:00:27.359992,1.349475324,106.1415899,7.099785123,184.1991882,47.81912231,,,,,
Eclipse End,2020-10-17 06:29:05.279992,1.433702215,105.7106905,8.092740433,195.7671204,44.22636414,,,,,
Eclipse Begin : TOI-125 c,2020-12-11 01:12:55.295992,1.346349906,106.3706131,50.25825112,182.539093,47.96611404,,,,,
Eclipse Mid,2020-12-11 02:41:33.215992,1.416845883,105.9583909,49.11708668,194.4997864,44.89365005,,,,,
Eclipse End,2020-12-11 04:10:11.135992,1.61080639,105.5240374,48.00600618,202.3995056,38.37509537,,,,,
Eclipse Begin : GJ 143 b,2020-10-11 05:18:02.161437,1.336066854,104.0975807,74.92355912,165.053421,48.45763397,,,,,
Eclipse Mid,2020-10-11 06:54:56.159997,1.283434458,104.4660148,74.16365378,181.2937622,51.18367386,,,,,
Eclipse End,2020-10-11 08:31:50.158557,1.355233891,104.7551167,73.53264612,196.9567871,47.55113602,,,,,
Eclipse Begin : K2-233 c,2020-07-25 00:14:23.278567,1.006945576,55.84329401,55.77435967,308.8370667,83.2665329,,,,,
Eclipse Mid,2020-07-25 01:33:53.280007,1.094105306,55.15233636,56.40222737,275.2693481,66.06253052,,,,,
Eclipse End,2020-07-25 02:53:23.281447,1.346397718,54.37611767,57.12199178,266.4682617,47.96385956,,,,,
Eclipse Begin : K2-233 c,2021-04-05 05:18:24.046567,1.113147783,62.96103704,79.03818369,86.07932281,63.94245529,,,,,
Eclipse Mid,2021-04-05 06:37:54.048007,1.011114084,63.6585788,78.39695876,61.04087067,81.49698639,,,,,
Eclipse End,2021-04-05 07:57:24.049447,1.021943305,64.26282601,77.84894554,288.9069519,78.1052475,,,,,
Eclipse Begin : K2-233 c,2021-04-12 06:46:50.734567,1.003040984,150.9147775,4.354563659,345.2288818,85.537323,,,,,
Eclipse Mid,2021-04-12 08:06:20.736007,1.064082136,151.7653624,4.871685479,278.2460327,70.01415253,,,,,
Eclipse End,2021-04-12 09:25:50.737447,1.270087299,152.5640024,5.396746321,268.0614319,51.93831253,,,,,
Eclipse Begin : K2-233 d,2021-05-11 03:24:08.638552,1.063347677,169.1860485,7.474212731,81.6608963,70.12325287,,,,,
Eclipse Mid,2021-05-11 05:18:23.039992,1.010473142,170.3772109,6.324588691,300.0307312,81.74362183,,,,,
Eclipse End,2021-05-11 07:12:37.441432,1.20178738,171.5341161,5.213908583,269.9637146,56.31444168,,,,,
Eclipse Begin : K2-233 b,2020-06-20 01:56:21.046569,1.004321223,158.7262991,14.5666615,36.26063919,84.68307495,,,,,
Eclipse Mid,2020-06-20 02:55:25.248009,1.020237233,158.0229454,13.8994006,289.9427795,78.56903076,,,,,
Eclipse End,2020-06-20 03:54:29.449449,1.099953445,157.308435,13.21768696,274.8250732,65.38531494,,,,,
Eclipse Begin : K2-233 b,2020-06-25 00:22:38.134569,1.068891237,94.28747319,45.67249794,82.32920074,69.31700134,,,,,
Eclipse Mid,2020-06-25 01:21:42.336009,1.009484695,93.76256672,46.15154713,58.04335785,82.13967896,,,,,
Eclipse End,2020-06-25 02:20:46.537449,1.010647227,93.18586203,46.68378708,299.7600708,81.67588043,,,,,
Eclipse Begin : K2-233 b,2021-02-24 07:03:43.990569,1.267006065,117.4693232,140.1643956,91.86181641,52.1166153,,,,,
Eclipse Mid,2021-02-24 08:02:48.192009,1.098368409,116.9600268,140.6352987,85.06273651,65.56641388,,,,,
Eclipse End,2021-02-24 09:01:52.393449,1.019626544,116.3973555,141.1587838,69.67266846,78.74000549,,,,,
Eclipse Begin : K2-233 b,2021-04-07 05:47:09.238569,1.050142542,89.30676158,54.7081263,79.6712265,72.22293091,,,,,
Eclipse Mid,2021-04-07 06:46:13.440009,1.004809686,89.8685127,54.19059941,40.3879509,84.39174652,,,,,
Eclipse End,2021-04-07 07:45:17.641449,1.018666665,90.38052141,53.72241444,290.9801636,79.01448822,,,,,
Eclipse Begin : K2-233 b,2021-04-12 04:13:26.326569,1.21463597,149.2059098,3.596933416,90.44178009,55.41569901,,,,,
Eclipse Mid,2021-04-12 05:12:30.528009,1.072243945,149.8668091,3.829891181,82.71747589,68.84754944,,,,,
Eclipse End,2021-04-12 06:11:34.729449,1.010495802,150.5260861,4.141945543,60.00511551,81.73477173,,,,,
Eclipse Begin : K2-233 b,2021-04-17 02:39:43.414569,1.603335882,152.7421772,53.57731689,97.04521942,38.58680725,,,,,
Eclipse Mid,2021-04-17 03:38:47.616009,1.268999454,152.2187806,54.05853699,91.91246033,52.00108337,,,,,
Eclipse End,2021-04-17 04:37:51.817449,1.099374452,151.6469045,54.58834867,85.14116669,65.45126343,,,,,
Eclipse Begin : K2-233 b,2021-05-14 06:04:17.398569,1.069953093,153.3460259,26.607984,277.5368652,69.16690826,,,,,
Eclipse Mid,2021-05-14 07:03:21.600009,1.209966839,152.6600884,27.25580298,269.7017822,55.73770142,,,,,
Eclipse End,2021-05-14 08:02:25.801449,1.485825261,151.9795469,27.89959633,264.3146667,42.30109406,,,,,
Eclipse Begin : K2-233 b,2021-05-19 04:30:34.486569,1.004466348,93.67647536,81.67741868,322.3474426,84.59485626,,,,,
Eclipse Mid,2021-05-19 05:29:38.688009,1.048302031,93.09843814,82.21412313,280.6584167,72.53940582,,,,,
Eclipse End,2021-05-19 06:28:42.889449,1.164772396,92.47391308,82.79816051,271.315155,59.1526947,,,,,
Eclipse Begin : K2-233 b,2021-05-29 01:23:08.662569,1.170109098,51.38999883,142.790589,88.89945984,58.71790695,,,,,
Eclipse Mid,2021-05-29 02:22:12.864009,1.050798552,51.94502402,142.2674573,79.7882843,72.11170959,,,,,
Eclipse End,2021-05-29 03:21:17.065449,1.004937108,52.44570375,141.7994508,41.31151199,84.31824493,,,,,
Eclipse Begin : K2-233 b,2021-06-02 23:49:25.750569,1.498296606,116.9960184,81.78111984,95.84540558,41.86860275,,,,,
Eclipse Mid,2021-06-03 00:48:29.952009,1.216287859,117.6817604,81.12750024,90.49346924,55.30299377,,,,,
Eclipse End,2021-06-03 01:47:34.153449,1.073056015,118.3488486,80.49261021,82.80784607,68.73576355,,,,,
Eclipse Begin : HD 21749 c,2020-11-20 00:56:17.734548,1.559486181,76.86831811,63.72264298,154.0403442,39.8841095,,,,,
Eclipse Mid,2020-11-20 02:11:44.735988,1.377953834,76.80677122,64.28496229,161.1750031,46.52825165,,,,,
Eclipse End,2020-11-20 03:27:11.737428,1.29522123,76.71489851,64.93207559,172.3926544,50.54003906,,,,,
Eclipse Begin : TOI-270 b,2020-09-10 06:15:52.486576,1.543864365,74.71104353,90.69700844,138.3016815,40.37031937,,,,,
Eclipse Mid,2020-09-10 06:57:29.088016,1.3776917,74.84819969,90.4463451,140.7998047,46.53975296,,,,,
Eclipse End,2020-09-10 07:39:05.689456,1.264498714,74.97783972,90.21712935,145.3123169,52.26288223,,,,,
Eclipse Begin : TOI-270 b,2020-10-17 05:19:32.518576,1.251815429,112.0995741,7.310759859,146.1531219,53.01945496,,,,,
Eclipse Mid,2020-10-17 06:01:09.120016,1.181753098,112.1730076,7.777196968,153.7444458,57.80078125,,,,,
Eclipse End,2020-10-17 06:42:45.721456,1.140989409,112.23726,8.247210788,164.5081024,61.21494675,,,,,
Eclipse Begin : TOI-270 b,2020-11-13 02:27:39.814576,1.442778659,111.5627335,30.46472332,139.4957733,43.87656021,,,,,
Eclipse Mid,2020-11-13 03:09:16.416016,1.308681949,111.6763826,29.92475639,143.0537415,49.82944107,,,,,
Eclipse End,2020-11-13 03:50:53.017456,1.21842385,111.7842159,29.38706089,148.9760437,55.15818405,,,,,
Eclipse Begin : TOI-270 b,2020-11-23 04:23:12.550576,1.137332695,77.06130624,100.5357159,166.2824097,61.55204773,,,,,
Eclipse Mid,2020-11-23 05:04:49.152016,1.125199454,77.00042883,100.8423866,179.8373566,62.71425629,,,,,
Eclipse End,2020-11-23 05:46:25.753456,1.136779149,76.9236787,101.1725206,193.4236145,61.6035881,,,,,
Eclipse Begin : TOI-270 b,2020-12-03 06:18:45.286576,1.216776142,83.94647677,147.5164106,210.8510437,55.26979828,,,,,
Eclipse Mid,2020-12-03 07:00:21.888016,1.306166893,84.02194031,147.3336728,216.8358307,49.96030807,,,,,
Eclipse End,2020-12-03 07:41:58.489456,1.439076888,84.08653304,147.1497152,220.4413452,44.01844406,,,,,
Eclipse Begin : TOI-270 b,2020-12-20 01:31:19.846576,1.208487048,78.67776072,67.69972012,150.0540466,55.84083176,,,,,
Eclipse Mid,2020-12-20 02:12:56.448016,1.155592966,78.62728916,67.99073208,159.4187012,59.92345047,,,,,
Eclipse End,2020-12-20 02:54:33.049456,1.129342322,78.56227821,68.30564776,171.805069,62.30955124,,,,,
Eclipse Begin : TOI-270 b,2020-12-30 03:26:52.582576,1.140425628,82.24193297,177.5696653,195.2060089,61.26654434,,,,,
Eclipse Mid,2020-12-30 04:08:29.184016,1.180578709,82.3354801,177.5070671,206.0382996,57.89140701,,,,,
Eclipse End,2020-12-30 04:50:05.785456,1.249901392,82.41635571,177.444477,213.6983185,53.13613129,,,,,
Eclipse Begin : TOI-270 b,2021-02-05 02:30:32.614576,1.262577836,110.9040474,84.60991944,214.5489655,52.37565994,,,,,
Eclipse Mid,2021-02-05 03:12:09.216016,1.374794299,110.8335704,84.14140977,219.1125183,46.66732788,,,,,
Eclipse End,2021-02-05 03:53:45.817456,1.539569126,110.752373,83.69499836,221.6493225,40.50635529,,,,,
Eclipse Begin : TOI-270 c,2020-11-17 01:43:20.785432,1.56948176,104.7891454,24.98332732,138.1087341,39.57985306,,,,,
Eclipse Mid,2020-11-17 02:33:05.183992,1.368234136,104.7012482,25.54132829,141.049469,46.95930099,,,,,
Eclipse End,2020-11-17 03:22:49.582552,1.241342747,104.5985418,26.13142095,146.9354706,53.66623688,,,,,
Eclipse Begin : TOI-270 c,2020-12-04 01:15:17.367832,1.405071743,87.50676618,137.6309012,140.1856842,45.37400818,,,,,
Eclipse Mid,2020-12-04 02:05:01.766392,1.264320075,87.73450727,137.2381595,145.3332062,52.27334595,,,,,
Eclipse End,2020-12-04 02:54:46.164952,1.178784898,87.94346665,136.8821151,154.2673035,58.03062057,,,,,
Eclipse Begin : TOI-270 d,2020-10-18 05:19:27.839981,1.243925006,111.6601911,20.11122639,146.7310791,53.50482941,,,,,
Eclipse Mid,2020-10-18 06:23:54.239981,1.152561965,111.673661,20.97194471,160.286377,60.18465424,,,,,
Eclipse End,2020-10-18 07:28:20.639981,1.125184968,111.6629569,21.82585662,180.5092163,62.7156868,,,,,
Eclipse Begin : TOI-270 d,2020-12-14 02:56:28.319981,1.139899578,106.5345442,8.013649833,165.028595,61.31480789,,,,,
Eclipse Mid,2020-12-14 04:00:54.719981,1.127466244,106.3636037,7.166516812,186.0908661,62.4917717,,,,,
Eclipse End,2020-12-14 05:05:21.119981,1.173047342,106.1625807,6.31303692,204.664093,58.48249817,,,,,
Eclipse Begin : LTT 1445 A b,2020-09-22 04:26:55.967988,1.422569497,140.6251589,64.79427802,89.22541046,44.66443634,,,,,
Eclipse Mid,2020-09-22 05:08:15.647988,1.235048546,140.3583799,65.24270635,84.27500153,54.06514359,,,,,
Eclipse End,2020-09-22 05:49:35.327988,1.118723168,140.0737999,65.71324416,77.48643494,63.36444092,,,,,
Eclipse Begin : LTT 1445 A b,2020-10-08 06:17:02.111988,1.012881304,56.16335783,109.6622448,28.31871414,80.85256195,,,,,
Eclipse Mid,2020-10-08 06:58:21.791988,1.014769305,56.39139691,109.4539347,324.9174805,80.21271515,,,,,
Eclipse End,2020-10-08 07:39:41.471988,1.046750268,56.60256184,109.2605605,295.0888672,72.81150055,,,,,
Eclipse Begin : LTT 1445 A b,2020-11-04 01:20:32.351988,1.533078715,51.86091272,141.5637012,91.03083801,40.71389389,,,,,
Eclipse Mid,2020-11-04 02:01:52.031988,1.302979957,52.16368603,141.2639899,86.49725342,50.12737274,,,,,
Eclipse End,2020-11-04 02:43:11.711988,1.160769417,52.44832668,140.9890275,80.67549133,59.48514557,,,,,
Eclipse Begin : LTT 1445 A b,2020-11-20 03:10:38.495988,1.020830226,92.2910864,64.7827856,47.26246262,78.40557861,,,,,
Eclipse Mid,2020-11-20 03:51:58.175988,1.010420554,91.96021448,65.16300657,349.8858643,81.7641983,,,,,
Eclipse End,2020-11-20 04:33:17.855988,1.029473825,91.60427143,65.56757358,303.934906,76.25673676,,,,,
Eclipse Begin : LTT 1445 A b,2020-12-06 05:00:44.639988,1.195339916,105.3181046,112.0453463,277.4276428,56.78094101,,,,,
Eclipse Mid,2020-12-06 05:42:04.319988,1.358576085,105.5861673,111.7786776,272.0948181,47.39726639,,,,,
Eclipse End,2020-12-06 06:23:23.999988,1.624936978,105.8311442,111.5316914,267.7774658,37.98160553,,,,,
Eclipse Begin : LTT 1445 A b,2021-01-18 01:54:21.023988,1.146908808,47.27876078,58.6358264,280.2326355,60.68122864,,,,,
Eclipse Mid,2021-01-18 02:35:40.703988,1.280659578,47.03856375,58.94578309,274.1530762,51.33824921,,,,,
Eclipse End,2021-01-18 03:17:00.383988,1.496585876,46.77485706,59.2792477,269.5069885,41.92733002,,,,,
Eclipse Begin : Wolf 503 b,2020-06-18 23:56:12.694558,1.071871342,146.3987309,27.26878054,31.13328743,68.899086,,,,,
Eclipse Mid,2020-06-19 00:35:50.495998,1.053930189,145.9619746,26.85754844,2.700075388,71.59155273,,,,,
Eclipse End,2020-06-19 01:15:28.297438,1.06653711,145.5110428,26.43241599,333.1869507,69.65462494,,,,,
Eclipse Begin : Wolf 503 b,2020-06-24 23:57:54.646558,1.056854672,67.9469233,45.48735829,13.79654026,71.12097931,,,,,
Eclipse Mid,2020-06-25 00:37:32.447998,1.058429203,67.61847546,45.78842393,343.1496277,70.87329865,,,,,
Eclipse End,2020-06-25 01:17:10.249438,1.091211741,67.26671287,46.11289345,318.6775208,66.40711212,,,,,
Eclipse Begin : Wolf 503 b,2020-07-07 00:01:18.550558,1.06425231,101.3005891,156.6395664,335.433197,69.98897552,,,,,
Eclipse Mid,2020-07-07 00:40:56.351998,1.106312738,101.6531218,156.3107172,313.576416,64.67601013,,,,,
Eclipse End,2020-07-07 01:20:34.153438,1.187041862,101.9818301,156.0059627,299.6647339,57.39764786,,,,,
Eclipse Begin : Wolf 503 b,2020-07-13 00:03:00.502558,1.087105396,174.3135475,89.36321722,320.3919983,66.90766907,,,,,
Eclipse Mid,2020-07-13 00:42:38.303998,1.152679251,174.7549994,88.94789675,304.008606,60.17448044,,,,,
Eclipse End,2020-07-13 01:22:16.105438,1.264935062,175.1868177,88.54210883,293.3673096,52.23735428,,,,,
Eclipse Begin : Wolf 503 b,2020-07-19 00:04:42.454558,1.124324876,112.6463815,22.17649197,309.0904541,62.80078506,,,,,
Eclipse Mid,2020-07-19 00:44:20.255998,1.217839825,112.1815658,21.7358433,296.7515259,55.1976738,,,,,
Eclipse End,2020-07-19 01:23:58.057438,1.370685711,111.7016967,21.28123367,288.3165588,46.84967422,,,,,
Eclipse Begin : Wolf 503 b,2021-04-21 01:22:52.246558,1.524111034,77.42689879,98.47486788,76.1114502,41.00464249,,,,,
Eclipse Mid,2021-04-21 02:02:30.047998,1.312586037,77.18781376,98.69103191,69.23845673,49.62798691,,,,,
Eclipse End,2021-04-21 02:42:07.849438,1.181892155,76.93262994,98.9235515,59.786129,57.79008102,,,,,
Eclipse Begin : Wolf 503 b,2021-05-03 01:26:16.150558,1.270004844,96.93498176,98.72770093,66.95366669,51.94306564,,,,,
Eclipse Mid,2021-05-03 02:05:53.951998,1.155758126,97.39217855,98.30169951,56.46186066,59.9093132,,,,,
Eclipse End,2021-05-03 02:45:31.753438,1.088757171,97.82870993,97.89648132,40.34522629,66.70464325,,,,,
Eclipse Begin : Wolf 503 b,2021-05-09 01:27:58.102558,1.190759602,171.3277661,30.08884463,60.74097443,57.11901474,,,,,
Eclipse Mid,2021-05-09 02:07:35.903998,1.108441777,171.7775538,29.67377381,47.04897308,64.44443512,,,,,
Eclipse End,2021-05-09 02:47:13.705438,1.065146331,172.2315673,29.254726,25.52626228,69.85734558,,,,,
Eclipse Begin : Wolf 503 b,2021-05-15 01:29:40.054558,1.133164354,117.9450244,34.77454175,52.71656036,61.94353867,,,,,
Eclipse Mid,2021-05-15 02:09:17.855998,1.076864665,117.5976749,35.09869559,34.42099762,68.22098541,,,,,
Eclipse End,2021-05-15 02:48:55.657438,1.054552899,117.2278285,35.44524502,7.046434879,71.49016571,,,,,
Eclipse Begin : Wolf 503 b,2021-05-27 01:33:03.958558,1.067533629,47.96537957,170.7838672,27.74498367,69.51087189,,,,,
Eclipse Mid,2021-05-27 02:12:41.759998,1.053820843,48.29975205,170.483837,358.4246826,71.60942078,,,,,
Eclipse End,2021-05-27 02:52:19.561438,1.070642914,48.61364003,170.2031806,329.7356873,69.07010651,,,,,
Eclipse Begin : Wolf 503 b,2021-06-02 01:34:45.910558,1.055248133,132.356586,92.14062505,9.675223351,71.37773895,,,,,
Eclipse Mid,2021-06-02 02:14:23.711998,1.060973171,132.792158,91.7329442,339.2475281,70.4810257,,,,,
Eclipse End,2021-06-02 02:54:01.513438,1.09828523,133.2093993,91.34350192,316.0649414,65.57596588,,,,,
Eclipse Begin : Wolf 503 b,2021-06-08 01:36:27.862558,1.05539511,155.9283261,26.20322382,349.8624268,71.35407257,,,,,
Eclipse Mid,2021-06-08 02:16:05.663998,1.080895755,155.4871921,25.78386991,323.3357544,67.69228363,,,,,
Eclipse End,2021-06-08 02:55:43.465438,1.141007283,155.0398536,25.35901403,305.8661499,61.21331406,,,,,
Eclipse Begin : HD 15337 b,2020-08-06 06:12:04.464017,1.653017795,49.34064481,149.3373427,106.8893433,37.22554398,,,,,
Eclipse Mid,2020-08-06 07:26:46.464017,1.24148223,49.16417615,149.0129827,103.6057281,53.65748596,,,,,
Eclipse End,2020-08-06 08:41:28.464017,1.062536159,48.98575944,148.671785,103.206192,70.24464417,,,,,
Eclipse Begin : HD 15337 b,2020-08-25 06:47:29.904017,1.137708858,133.1465913,83.18016932,102.8078384,61.51710129,,,,,
Eclipse Mid,2020-08-25 08:02:11.904017,1.022133315,132.6597725,84.05349605,106.8973618,78.05478668,,,,,
Eclipse End,2020-08-25 09:16:53.904017,1.005477432,132.1265636,84.97360886,239.6112518,84.01674652,,,,,
Eclipse Begin : HD 15337 b,2020-10-07 02:07:12.144017,1.662413078,58.63487103,122.4260707,106.951004,36.97992706,,,,,
Eclipse Mid,2020-10-07 03:21:54.144017,1.245484994,59.15916981,121.8732754,103.6422348,53.40793991,,,,,
Eclipse End,2020-10-07 04:36:36.144017,1.064214348,59.63310294,121.4003875,103.1630249,69.99459076,,,,,
Eclipse Begin : HD 15337 b,2020-10-26 02:42:37.584017,1.140410673,57.71390632,119.2120651,102.8243637,61.26791382,,,,,
Eclipse Mid,2020-10-26 03:57:19.584017,1.023068197,57.46200706,119.6208552,106.6766891,77.80977631,,,,,
Eclipse End,2020-10-26 05:12:01.584017,1.005083196,57.15999079,120.0920877,238.4360809,84.23514557,,,,,
Eclipse Begin : HD 15337 b,2020-11-14 03:18:03.024017,1.003582913,142.5616244,16.01010552,127.947258,85.15706635,,,,,
Eclipse Mid,2020-11-14 04:32:45.024017,1.027418842,142.2792981,15.04903447,254.192337,76.73342133,,,,,
Eclipse End,2020-11-14 05:47:27.024017,1.15267072,141.9565807,14.1018675,257.1044006,60.17522049,,,,,
Eclipse Begin : WASP-178 b,2020-06-17 00:19:59.176013,1.141680992,145.9785844,49.17843501,135.7598572,61.15184021,,,,,
Eclipse Mid,2020-06-17 02:04:05.896013,1.052558089,146.5734498,48.05360585,177.1748047,71.81729889,,,,,
Eclipse End,2020-06-17 03:48:12.616013,1.125869102,147.1645461,46.93900313,222.2622986,62.64826202,,,,,
Eclipse Begin : WASP-178 b,2020-06-27 01:09:38.723213,1.055210855,73.54917001,72.11074471,168.4539948,71.38374329,,,,,
Eclipse Mid,2020-06-27 02:53:45.443213,1.104411624,72.71432861,72.92080167,218.5091705,64.88523865,,,,,
Eclipse End,2020-06-27 04:37:52.163213,1.358124292,71.77278779,73.8868564,232.7400208,47.41799545,,,,,
Eclipse Begin : WASP-178 b,2021-02-26 05:18:01.038413,1.684135958,96.25156564,163.9760907,126.1790009,36.42544556,,,,,
Eclipse Mid,2021-02-26 07:02:07.758413,1.216805275,95.5447668,164.6247977,130.5561066,55.26782227,,,,,
Eclipse End,2021-02-26 08:46:14.478413,1.063834675,94.72273812,165.3929837,157.9677734,70.05083466,,,,,
Eclipse Begin : WASP-178 b,2021-04-24 01:59:25.139213,1.520814547,70.65590332,136.8888857,126.2773514,41.11270905,,,,,
Eclipse Mid,2021-04-24 03:43:31.859213,1.159752413,69.96699972,137.5146171,134.0192719,59.57049942,,,,,
Eclipse End,2021-04-24 05:27:38.579213,1.053912197,69.215936,138.2133125,171.4813385,71.59449005,,,,,
Eclipse Begin : WASP-178 b,2021-05-04 02:49:04.686413,1.191796975,79.99480168,85.64218308,131.7966766,57.04194641,,,,,
Eclipse Mid,2021-05-04 04:33:11.406413,1.058683686,80.88776059,84.65293065,163.1546631,70.83362579,,,,,
Eclipse End,2021-05-04 06:17:18.126413,1.092699445,81.65408764,83.82041738,215.609787,66.22913361,,,,,
Eclipse Begin : WASP-178 b,2021-05-14 03:38:44.233613,1.066788304,148.9209187,25.07006485,155.7413177,69.61827087,,,,,
Eclipse Mid,2021-05-14 05:22:50.953613,1.077707053,148.1457445,26.15759552,210.3100739,68.10916901,,,,,
Eclipse End,2021-05-14 07:06:57.673613,1.270817931,147.3614681,27.29528947,231.21875,51.89626312,,,,,
Eclipse Begin : WASP-185 b,2021-05-13 23:40:18.639986,1.675056358,142.0078762,23.04005335,96.8796463,36.65497208,,,,,
Eclipse Mid,2021-05-14 01:58:33.039986,1.078013523,140.8238572,24.12377269,81.45882416,68.06866455,,,,,
Eclipse End,2021-05-14 04:16:47.439986,1.021622931,139.3957261,25.45787211,292.6897888,78.1908493,,,,,
Eclipse Begin : HD 219666 b,2020-08-16 03:03:20.590554,1.487440068,124.5659928,38.55992209,145.789444,42.24451828,,,,,
Eclipse Mid,2020-08-16 04:08:04.991994,1.30694711,125.064535,37.79800653,152.2166443,49.9196167,,,,,
Eclipse End,2020-08-16 05:12:49.393434,1.212423716,125.5606797,37.06941589,163.5505066,55.56762695,,,,,
Eclipse Begin : HD 219666 b,2020-08-22 03:55:17.038554,1.286092423,120.9174098,41.37929562,153.7453003,51.03671646,,,,,
Eclipse Mid,2020-08-22 05:00:01.439994,1.203182838,120.4690846,42.15759411,165.926651,56.21487427,,,,,
Eclipse End,2020-08-22 06:04:45.841434,1.18167548,120.0076315,42.97261751,181.9906464,57.80675888,,,,,
Eclipse Begin : HD 219666 b,2020-08-28 04:47:13.486554,1.195615622,61.44851237,120.077096,168.4211121,56.76076889,,,,,
Eclipse Mid,2020-08-28 05:51:57.887994,1.183565169,61.19274,120.5531555,184.7524109,57.66174698,,,,,
Eclipse End,2020-08-28 06:56:42.289434,1.228697307,60.90536699,121.0930414,199.6220703,54.47579193,,,,,
Eclipse Begin : HD 219666 b,2020-09-03 05:39:09.934554,1.187017482,49.69757534,167.5983234,187.4683228,57.39948654,,,,,
Eclipse Mid,2020-09-03 06:43:54.335994,1.242269173,49.93796654,167.3583295,201.6670074,53.608181,,,,,
Eclipse End,2020-09-03 07:48:38.737434,1.367724954,50.1879164,167.0951495,210.9264832,46.98214722,,,,,
Eclipse Begin : HD 219666 b,2020-09-09 06:31:06.382554,1.257752387,98.00465583,101.8133649,203.5669708,52.6617775,,,,,
Eclipse Mid,2020-09-09 07:35:50.783994,1.397291182,98.3510009,101.483792,211.9969635,45.69816971,,,,,
Eclipse End,2020-09-09 08:40:35.185434,1.647388507,98.66374308,101.1901422,216.095459,37.37443924,,,,,
Eclipse Begin : DS Tuc A b,2020-08-03 04:30:35.855985,1.624054412,54.84089499,173.524276,161.0579681,38.00592041,,,,,
Eclipse Mid,2020-08-03 06:05:53.375985,1.448234706,54.858701,173.9634649,169.4075012,43.66936874,,,,,
Eclipse End,2020-08-03 07:41:10.895985,1.401273949,54.9090225,174.4720811,181.0326996,45.53155136,,,,,
Eclipse Begin : DS Tuc A b,2020-09-29 03:44:20.342385,1.401098626,56.48014418,149.3390736,179.4030457,45.53885651,,,,,
Eclipse Mid,2020-09-29 05:19:37.862385,1.452187352,56.7490705,149.8279033,190.9607086,43.52068329,,,,,
Eclipse End,2020-09-29 06:54:55.382385,1.63340402,57.03503382,150.4017649,199.153183,37.75008011,,,,,
Eclipse Begin : GJ 357 b,2020-12-26 06:33:47.376017,1.060748442,100.6608629,135.9087308,85.79083252,70.51529694,,,,,
Eclipse Mid,2020-12-26 07:19:41.376017,1.012956787,100.3791858,136.2151252,73.65345001,80.82608032,,,,,
Eclipse End,2020-12-26 08:05:35.376017,1.001789525,100.0676236,136.551097,326.6663818,86.57482147,,,,,
Eclipse Begin : GJ 357 b,2020-12-30 04:54:01.584017,1.279845838,63.49050944,177.4385649,94.54962921,51.38380432,,,,,
Eclipse Mid,2020-12-30 05:39:55.584017,1.134355558,63.31709437,177.3687376,90.43282318,61.83085632,,,,,
Eclipse End,2020-12-30 06:25:49.584017,1.049819525,63.12845685,177.2946715,84.53787231,72.27799988,,,,,
Eclipse Begin : GJ 357 b,2021-02-23 05:37:20.496017,1.073468782,61.34153536,127.7304479,273.0403442,68.67922974,,,,,
Eclipse Mid,2021-02-23 06:23:14.496017,1.176326927,61.05099098,128.0494466,268.0350952,58.22296143,,,,,
Eclipse End,2021-02-23 07:09:08.496017,1.350098759,60.73678581,128.4001592,264.1725769,47.78993225,,,,,
Eclipse Begin : GJ 357 b,2021-03-03 02:17:48.912017,1.050237681,67.24606344,128.4564551,84.60633087,72.20675659,,,,,
Eclipse Mid,2021-03-03 03:03:42.912017,1.008775996,67.5532334,128.0423853,69.23485565,82.43682861,,,,,
Eclipse End,2021-03-03 03:49:36.912017,1.003211849,67.82970465,127.6604605,307.9624329,85.41399384,,,,,
Eclipse Begin : GJ 357 b,2021-03-07 00:38:03.120017,1.250871824,109.6246149,77.40910279,93.94113159,53.07688904,,,,,
Eclipse Mid,2021-03-07 01:23:57.120017,1.117123069,110.0691212,76.84330342,89.66754913,63.52854156,,,,,
Eclipse End,2021-03-07 02:09:51.120017,1.040476195,110.4934132,76.29182086,83.17683411,73.96608734,,,,,
Eclipse Begin : GJ 357 b,2021-05-01 01:21:22.032017,1.086523188,114.4978779,124.5416475,272.0689087,66.9797821,,,,,
Eclipse Mid,2021-05-01 02:07:16.032017,1.198883783,114.8088676,124.0794012,267.3582153,56.52319717,,,,,
Eclipse End,2021-05-01 02:53:10.032017,1.387860876,115.0918677,123.6510874,263.5838623,46.09852982,,,,,
Eclipse Begin : GJ 357 b,2021-05-04 23:41:36.240017,1.003136395,141.2555863,75.90933901,308.5014343,85.46804047,,,,,
Eclipse Mid,2021-05-05 00:27:30.240017,1.03227921,141.2645233,75.38208917,278.4099426,75.6339035,,,,,
Eclipse End,2021-05-05 01:13:24.240017,1.1014943,141.2584929,74.86203099,271.1456909,65.21095276,,,,,