,hostname,pl_letter,pl_name,pl_orbper,pl_orbsmax,pl_radj,pl_bmassj,ra,dec,pl_orbincl,pl_orbeccen,pl_orbpererr1,sy_vmag,sy_hmag,sy_jmag,sy_kmag,st_teff,st_rad,st_mass,pl_eqt,pl_trandep,pl_trandur,pl_tranmid
66,K2-190,c,K2-190 c,21.574023,,0.098,0.00421,205.3630485,-13.1608686,88.977,,0.00573,11.138,9.447,9.834,9.41,5631,0.91,0.9,,,,2457228.693
79,K2-209,b,K2-209 b,2.080615,,0.077,0.00184,14.6903464,1.382807,86.231,,0.000134,11.061,8.774,9.263,8.613,4720,0.71,0.74,,,,2457394.233
98,K2-229,b,K2-229 b,0.58426,0.0131,0.102,0.00783,186.8729195,-6.7218474,83.9,0,2.00E-05,10.985,9.126,9.518,9.05,5315,0.79,0.87,1818,1.625,1.5,2457583.469
99,K2-229,c,K2-229 c,8.32727,0.0769,0.181,0.06702,186.8729195,-6.7218474,87.94,0,0.00041,10.985,9.126,9.518,9.05,5315,0.79,0.87,750,5.325,2.5008,2457586.343
134,24 Sex,c,24 Sex c,883,2.08,1.24,0.86,155.8684866,-0.9023998,,0.29,32.4,6.4535,4.486,5.292,4.285,5098,4.9,1.54,,,,
150,61 Vir,b,61 Vir b,4.215,0.050201,0.188,0.016,199.596455,-18.3157745,,0.12,0.0006,4.6955,2.974,3.334,2.956,5577,0.96,0.94,,,,
151,61 Vir,c,61 Vir c,38.021,0.2175,0.398,0.057,199.596455,-18.3157745,,0.14,0.034,4.6955,2.974,3.334,2.956,5577,0.96,0.94,,,,
152,61 Vir,d,61 Vir d,123.01,0.476,0.456,0.072,199.596455,-18.3157745,,0.35,0.55,4.6955,2.974,3.334,2.956,5577,0.96,0.94,,,,
158,BD-08 2823,b,BD-08 2823 b,5.6,0.06,0.322,0.04,150.1971964,-9.5165689,,0.15,0.02,9.86,7.498,7.96,7.323,4816,0.71,0.5,,,,
159,BD-08 2823,c,BD-08 2823 c,237.6,0.68,1.11,0.33,150.1971964,-9.5165689,,0.19,1.5,9.86,7.498,7.96,7.323,4746,,0.74,,,,
160,BD-10 3166,b,BD-10 3166 b,3.48777,0.04,1.26,0.59,164.6191243,-10.7704227,,0.02,0.00011,10.013,8.3,8.611,8.124,5393,0.91,1.47,,,,
194,GJ 1214,b,GJ 1214 b,1.58040456,0.01411,0.254,0.0197,258.8313991,4.9606795,88.17,0,1.60E-07,15.1,9.094,9.75,8.782,3026,0.22,0.15,547,,0.8688,2455320.536
198,GJ 433,b,GJ 433 b,7.3705,0.062,0.208,0.01901,173.8619194,-32.5436302,,0.04,0.0005,9.81,5.856,6.471,5.623,3461,0.5,0.48,,,,
201,GJ 667 C,b,GJ 667 C b,7.2004,0.0505,0.199,0.018,259.7510609,-34.9977651,,0.13,0.0017,10.602,6.322,6.848,6.036,3350,,0.33,,,,
202,GJ 667 C,c,GJ 667 C c,28.14,0.125,0.158,0.012,259.7510609,-34.9977651,,0.02,0.053,10.602,6.322,6.848,6.036,3350,,0.33,,,,
203,GJ 674,b,GJ 674 b,4.6938,0.039,0.297,0.035,262.1700476,-46.8989826,,0.2,0.007,9.38,5.154,5.711,4.855,3600,,0.35,,,,
205,GJ 832,b,GJ 832 b,3657,3.56,1.25,0.68,323.3912616,-49.0125169,,0.08,104,8.66,4.766,5.349,4.501,3472,0.44,0.45,,,,
206,GJ 849,b,GJ 849 b,1882,2.35,1.23,1,332.4229938,-4.6408317,,0.04,250,10.41,5.899,6.51,5.594,3241,0.53,0.65,,,,
207,GJ 179,b,GJ 179 b,2288,2.41,1.24,0.82,73.0245495,6.4752347,,0.21,59,11.963,7.209,7.814,6.942,3370,0.38,0.36,,,,
208,GJ 581,b,GJ 581 b,5.3686,0.04061,0.366,0.0497,229.8564725,-7.7226935,,0,0.0001,10.57,6.095,6.706,5.837,3396,0.33,0.31,,,,
209,GJ 581,c,GJ 581 c,12.914,0.0721,0.197,0.0173,229.8564725,-7.7226935,,0,0.002,10.57,6.095,6.706,5.837,3396,0.33,0.31,,,,
210,GJ 581,e,GJ 581 e,3.149,0.02815,0.104,0.0053,229.8564725,-7.7226935,,0,0.0002,10.57,6.095,6.706,5.837,3396,0.33,0.31,,,,
213,GJ 876,c,GJ 876 c,30.0881,0.12959,1.25,0.7142,343.3239737,-14.2665958,59,0.25591,0.0082,10.16,5.349,5.934,5.01,3271,0.3,0.32,,,,
214,GJ 876,d,GJ 876 d,1.93778,0.020807,0.224,0.021,343.3239737,-14.2665958,59,0.207,2.00E-05,10.16,5.349,5.934,5.01,3271,0.3,0.32,,,,
215,GJ 876,e,GJ 876 e,124.26,0.3343,0.35,0.046,343.3239737,-14.2665958,59,0.055,0.7,10.16,5.349,5.934,5.01,3271,0.3,0.32,,,,
259,HD 10180,c,HD 10180 c,5.75969,0.06412,0.328,0.04122,24.4731133,-60.5114881,90,0.073,0.00028,7.33,5.934,6.246,5.868,5911,1.11,1.06,,,,
260,HD 10180,d,HD 10180 d,16.357,0.12859,0.308,0.03697,24.4731133,-60.5114881,90,0.131,0.0038,7.33,5.934,6.246,5.868,5911,1.11,1.06,,,,
261,HD 10180,e,HD 10180 e,49.748,0.2699,0.481,0.079,24.4731133,-60.5114881,90,0.051,0.025,7.33,5.934,6.246,5.868,5911,1.11,1.06,,,,
262,HD 10180,f,HD 10180 f,122.744,0.4929,0.468,0.0752,24.4731133,-60.5114881,90,0.119,0.232,7.33,5.934,6.246,5.868,5911,1.11,1.06,,,,
263,HD 10180,g,HD 10180 g,604.67,1.427,0.438,0.0673,24.4731133,-60.5114881,90,0.263,10.42,7.33,5.934,6.246,5.868,5911,1.11,1.06,,,,
264,HD 10180,h,HD 10180 h,2205,3.381,0.838,0.203,24.4731133,-60.5114881,90,0.095,105.9,7.33,5.934,6.246,5.868,5911,1.11,1.06,,,,
265,HD 101930,b,HD 101930 b,70.46,0.3,0.949,0.25,175.875608,-58.0053798,,0.11,0.18,8.21,6.259,6.645,6.147,5108,0.86,0.57,,,,
266,HD 102117,b,HD 102117 b,20.8133,0.15,0.756,0.17,176.2097267,-58.7040134,,0.12,0.0064,7.47,5.949,6.224,5.833,5655,1.23,1.06,,,,
267,HD 102195,b,HD 102195 b,4.11377,0.05,1.27,0.41,176.4254063,2.8209912,,0,0.00056,8.07,6.268,6.629,6.151,5301,0.82,0.76,,,,
270,HD 102365,b,HD 102365 b,122.1,0.46,0.369,0.05,176.6208003,-40.4986211,,0.34,0.3,4.89,3.49,3.931,3.489,5630,,0.85,,,,
272,HD 103197,b,HD 103197 b,47.84,0.25,0.52,0.09,178.2201971,-50.2927911,,0,0.03,9.4,7.6,7.916,7.426,5250,0.88,0.8,,,,
273,HD 104067,b,HD 104067 b,55.806,0.26,0.729,0.16,179.7923543,-20.3556058,,0,0.049,7.92,5.754,6.212,5.614,4937,0.74,0.62,,,,
279,HD 107148,b,HD 107148 b,48.056,0.269,0.856,0.21,184.8059773,-3.3199927,,0.05,0.057,8.01,6.604,6.858,6.474,5797,,1.12,,,,
285,HD 109749,b,HD 109749 b,5.239891,0.0615,0.993,0.27,189.3173489,-40.8121458,,0,9.90E-05,8.08,6.797,7.057,6.678,5824,1.22,1.13,,,,
288,HD 113538,b,HD 113538 b,663.2,1.24,1.18,0.36,196.233933,-52.4463502,,0.14,8.4,9.05,5.835,6.438,5.637,4462,0.53,0.59,,,,
289,HD 113538,c,HD 113538 c,1818,2.44,1.24,0.93,196.233933,-52.4463502,,0.2,25,9.05,5.835,6.438,5.637,4462,0.53,0.59,,,,
291,HD 114729,b,HD 114729 b,1121.79,2.067,1.24,0.825,198.1833997,-31.8746756,,0.079,3.53,6.68,5.29,5.559,5.136,5844,1.47,0.94,,,,
298,HD 117618,b,HD 117618 b,25.8,0.18,0.766,0.174,203.1066418,-47.2719049,,0.15,0.004,7.17,5.843,6.098,5.737,5990,1.2,1.08,,,,
300,HD 11964,b,HD 11964 b,1945,3.16,1.26,0.622,29.2884252,-10.2434693,,0.041,26,6.41525,4.637,5.023,4.491,5303,2.01,0.91,,,,
301,HD 11964,c,HD 11964 c,37.91,0.229,0.48,0.0788,29.2884252,-10.2434693,,0.3,0.041,6.41525,4.637,5.023,4.491,5303,2.01,0.91,,,,
304,HD 125595,b,HD 125595 b,9.6737,0.08,0.214,0.02,215.3434326,-40.3942443,,0,0.0039,9.03,6.608,7.097,6.447,4691,0.74,0.29,,,,
306,HD 125612,c,HD 125612 c,4.15514,0.0524,0.389,0.055,215.2227183,-17.4818147,,0.049,0.00026,8.31,6.95,7.179,6.838,5841,1.05,1.11,,,,
309,HD 126525,b,HD 126525 b,960.41,1.837,0.919,0.237,216.8852514,-51.9329118,,0.035,6.19,7.85,6.287,6.634,6.215,5638,0.98,0.9,,,,
310,HD 126614,b,HD 126614 b,1244,2.37,1.27,0.41,216.7005171,-5.1784093,,0.41,17,8.81,7.16,7.47,7.06,5568,1.32,1.26,,,,
323,HD 134060,b,HD 134060 b,3.2696,0.0444,0.282,0.0318,227.6847587,-61.4223747,,0.45,0.0001,6.29,5.022,5.214,4.836,5966,,1.09,,,,
324,HD 134060,c,HD 134060 c,1291.5646,2.3928,0.527,0.0922,227.6847587,-61.4223747,,0.11,48.0333,6.29,5.022,5.214,4.836,5966,,1.09,,,,
326,HD 134987,c,HD 134987 c,5000,5.8,1.24,0.82,228.3675397,-25.3096721,,0.12,400,6.47,5.121,5.268,4.882,5585,1.25,1.1,,,,
327,HD 136352,b,HD 136352 b,11.5824,0.0934,0.182,0.0151,230.4401147,-48.3188174,,0.14,0.0024,5.65,3.898,4.308,4.159,5664,,0.81,,,,
328,HD 136352,c,HD 136352 c,27.5821,0.1666,0.293,0.034,230.4401147,-48.3188174,,0.04,0.0089,5.65,3.898,4.308,4.159,5664,,0.81,,,,
329,HD 136352,d,HD 136352 d,107.5983,0.4128,0.256,0.027,230.4401147,-48.3188174,,0.09,0.2796,5.65,3.898,4.308,4.159,5664,,0.81,,,,
332,HD 137388,b,HD 137388 b,330,0.89,0.832,0.2,233.915082,-80.2044169,,0.36,3,8.71,6.867,7.23,6.763,5181,0.88,0.68,,,,
344,HD 1461,b,HD 1461 b,5.77152,0.0634,0.216,0.02026,4.6762645,-8.0536206,,0.172,0.00045,6.47933,5.041,5.329,4.897,5765,1.13,1.02,,,,
345,HD 1461,c,HD 1461 c,13.5052,0.1117,0.199,0.01759,4.6762645,-8.0536206,,0.305,0.0029,6.47933,5.041,5.329,4.897,5765,,1.02,,,,
363,HD 156411,b,HD 156411 b,842.2,1.88,1.25,0.74,259.9639522,-48.5502313,,0.22,14.5,6.67,5.241,5.563,5.17,5900,2.16,1.25,,,,
370,HD 160691,d,HD 160691 d,9.6386,0.09094,0.289,0.03321,266.0361585,-51.8348751,,0.172,0.0015,5.12,3.724,4.158,3.683,5813,1.38,1.08,900,,,
371,HD 160691,e,HD 160691 e,310.55,0.921,1.27,0.5219,266.0361585,-51.8348751,,0.0666,0.83,5.12,3.724,4.158,3.683,5771.56,1.38,1.08,,,,
372,HD 16141,b,HD 16141 b,75.523,0.36,0.971,0.26,38.8323674,-3.5624887,,0.25,0.055,6.834,5.346,5.679,5.266,5757,1.48,1.11,,,,
378,HD 164509,b,HD 164509 b,280.17,0.87,1.28,0.443,270.3800811,0.1044685,,0.238,0.82,8.1,6.665,6.938,6.586,5859,1.11,1.12,,,,
384,HD 168746,b,HD 168746 b,6.404,0.07,0.993,0.27,275.4573269,-11.9229757,,0.11,0.0014,7.95,6.329,6.679,6.253,5570,1.09,1.07,900,,,
396,HD 175541,b,HD 175541 b,298.43,0.975,1.26,0.598,283.9203211,4.2649344,,0.11,0.45,8.020001,5.952,6.387,5.829,5013,4.19,1.39,,,,
400,HD 179079,b,HD 179079 b,14.479,0.1214,0.488,0.081,287.7903733,-2.6387703,,0.049,0.01,7.95,6.402,6.734,6.311,5646,1.63,1.14,,,,
404,HD 181433,b,HD 181433 b,9.3743,0.08,0.214,0.02,291.2873731,-66.4677838,,0.4,0.0019,8.4,6.243,6.664,6.094,4918,0.79,0.63,,,,
405,HD 181433,c,HD 181433 c,962,1.76,1.26,0.64,291.2873731,-66.4677838,,0.28,15,8.4,6.243,6.664,6.094,4962,0.81,0.78,,,,
406,HD 181433,d,HD 181433 d,2172,3,1.27,0.54,291.2873731,-66.4677838,,0.48,158,8.4,6.243,6.664,6.094,4962,0.81,0.78,,,,
407,HD 181720,b,HD 181720 b,956,1.85,1.25,0.4,290.7212224,-32.9208401,,0.26,14,7.84,6.346,6.652,6.294,5736,1.5,1.03,,,,
421,HD 192263,b,HD 192263 b,24.3556,0.15,1.26,0.56,303.4990864,-0.8657574,,0.05,0.0046,7.79,5.685,6.115,5.537,4976,0.74,0.66,486,,,
422,HD 192310,b,HD 192310 b,74.72,0.32,0.381,0.0532,303.8284712,-27.0337556,90,0.13,0.1,5.73,3.582,4.112,3.501,5166,0.73,0.8,355,,,
423,HD 192310,c,HD 192310 c,525.8,1.18,0.469,0.076,303.8284712,-27.0337556,90,0.32,9.2,5.73,3.582,4.112,3.501,5166,,0.8,185,,,
430,HD 20003,b,HD 20003 b,11.8482,0.0974,0.306,0.0367,46.9090081,-72.3219221,,0.36,0.0016,8.39,6.764,7.087,6.647,5494,,0.88,,,,
431,HD 20003,c,HD 20003 c,33.9239,0.1964,0.347,0.0454,46.9090081,-72.3219221,,0.1,0.0239,8.39,6.764,7.087,6.647,5494,,0.88,,,,
438,HD 204313,c,HD 204313 c,34.905,0.2099,0.39,0.0553,322.0510568,-21.7274194,,0.155,0.012,7.99,6.539,6.812,6.459,5776,,1.02,,,,
439,HD 204941,b,HD 204941 b,1733,2.55,0.903,0.23,323.0966714,-20.957957,,0.37,74,8.45,6.475,6.895,6.357,5026,0.78,0.58,,,,
442,HD 20781,b,HD 20781 b,5.3135,0.0529,0.108,0.0061,50.0139757,-28.7841175,,0.1,0.001,8.48,6.642,7.045,6.553,5256,,0.7,,,,
443,HD 20781,c,HD 20781 c,13.8905,0.1004,0.193,0.0168,50.0139757,-28.7841175,,0.09,0.0033,8.48,6.642,7.045,6.553,5256,,0.7,,,,
446,HD 20794,b,HD 20794 b,18.315,0.1207,0.129,0.0085,49.9997666,-43.0666533,90,0,0.008,4.26,2.709,3.032,2.636,5401,,0.7,660,,,
447,HD 20794,c,HD 20794 c,40.114,0.2036,0.121,0.0076,49.9997666,-43.0666533,90,0,0.053,4.26,2.709,3.032,2.636,5401,,0.7,508,,,
448,HD 20794,d,HD 20794 d,90.309,0.3499,0.182,0.015,49.9997666,-43.0666533,90,0,0.184,4.26,2.709,3.032,2.636,5401,,0.7,388,,,
449,GJ 9827,c,GJ 9827 c,3.6480957,0.03925,0.111,0.00264,351.7717763,-1.2853435,88.19,0,6.33E-05,10.37,7.379,7.984,7.193,4340,0.6,0.61,721.9,0.0361,1.82496,2457742.199
450,GJ 9827,d,GJ 9827 d,6.2014698,0.05591,0.18,0.01271,351.7717763,-1.2853435,87.443,0,6.26E-05,10.37,7.379,7.984,7.193,4340,0.6,0.61,604.9,0.0957,1.2228,2457740.961
457,Ross 128,b,Ross 128 b,9.8658,0.0496,0.099,0.0044,176.9376036,0.7992898,,0.116,0.007,11.12,5.945,6.505,5.654,3192,0.2,0.17,301,,,
467,K2-18,c,K2-18 c,8.962,0.06,0.236,0.02363,172.560141,7.5878315,,0.47,0.008,13.477,9.135,9.763,8.899,3457,0.41,0.36,363,,,
468,HD 176986,b,HD 176986 b,6.4898,0.06296,0.202,0.01806,285.7739138,-11.044941,,0.066,0.00086,8.42,6.34,6.797,6.22,4931,0.78,0.79,,,,
469,HD 176986,c,HD 176986 c,16.8191,0.11878,0.266,0.02888,285.7739138,-11.044941,,0.111,0.0044,8.42,6.34,6.797,6.22,4931,0.78,0.79,,,,
487,K2-141,b,K2-141 b,0.2803244,0.00716,0.135,0.01598,350.9170464,-1.1891827,86.3,0,1.50E-06,11.454,8.524,9.086,8.401,4599,0.68,0.71,2039,,0.94,2457744.072
488,K2-141,c,K2-141 c,7.7485,,0.624,0.02328,350.9170464,-1.1891827,87.2,0,0.00022,11.454,8.524,9.086,8.401,4599,0.68,0.71,,,,2457751.155
507,HD 215152,d,HD 215152 d,10.86499,0.08799,0.132,0.00881,340.8380941,-6.4020685,,0,0.00564,8.11,5.895,6.353,5.775,4935,0.73,0.77,,,,
508,HD 215152,e,HD 215152 e,25.1967,0.15417,0.134,0.00905,340.8380941,-6.4020685,,0,0.0476,8.11,5.895,6.353,5.775,4935,0.73,0.77,,,,
523,K2-233,b,K2-233 b,2.46746,0.03317,0.125,0.00798,230.4799011,-20.2317975,88.79,0,0.00014,10.883,8.501,8.968,8.375,4950,0.74,0.8,1040,,1.969,2457991.691
524,K2-233,c,K2-233 c,7.06142,0.06687,0.119,0.00738,230.4799011,-20.2317975,88.95,0,0.00084,10.883,8.501,8.968,8.375,4950,0.74,0.8,728,,2.65,2457996.352
525,K2-233,d,K2-233 d,24.3662,0.1527,0.236,0.0235,230.4799011,-20.2317975,89.35,0,0.0021,10.883,8.501,8.968,8.375,4950,0.74,0.8,482,,3.808,2458005.58
551,GJ 1132,c,GJ 1132 c,8.929,0.0476,0.128,0.00831,153.7090696,-47.1549358,,0.27,0.01,13.68,8.666,9.245,8.322,3270,0.21,0.18,300,,,
576,HD 26965,b,HD 26965 b,42.378,,0.254,0.02665,63.8082666,-7.6676027,,0.04,0.01,4.42018,2.594,3.013,2.498,5072,0.87,0.78,,,,
579,K2-261,b,K2-261 b,11.63344,0.102,0.85,0.223,163.0323119,0.493167,88.4,0.39,0.00012,10.612,8.92,9.337,8.89,5537,1.65,1.1,1080,0.2801,5.112,2457906.841
581,Wolf 503,b,Wolf 503 b,6.00118,0.0571,0.181,0.015,206.8461979,-6.1393369,,,8.00E-05,10.27,7.774,8.324,7.617,4716,0.69,0.69,805,,1.321,2458185.361
595,K2-266,b,K2-266 b,0.658524,0.01306,0.294,0.03545,157.9356855,0.9372782,75.32,,1.70E-05,11.625,9.041,9.611,8.897,4285,0.7,0.69,1515,0.18,0.33336,2457949.675
596,K2-266,c,K2-266 c,7.814,0.0679,0.063,0.00091,157.9356855,0.9372782,88.28,0.042,0.0019,11.625,9.041,9.611,8.897,4285,0.7,0.69,664.5,0.0085,2.256,2457946.651
597,K2-266,d,K2-266 d,14.697,0.1035,0.261,0.028,157.9356855,0.9372782,89.46,0.047,0.00034,11.625,9.041,9.611,8.897,4285,0.7,0.69,538.3,0.1465,3.408,2457944.839
598,K2-266,e,K2-266 e,19.482,0.1249,0.244,0.04499,157.9356855,0.9372782,89.45,0.043,0.0012,11.625,9.041,9.611,8.897,4285,0.7,0.69,490.1,0.127,3.6648,2457938.541
601,WASP-145 A,b,WASP-145 A b,1.7690381,0.0261,0.9,0.89,322.2537644,-58.8361466,83.3,0,8.00E-07,11.636,9.292,9.843,9.194,4900,0.68,0.76,1200,1.16,0.9768,2456844.165
636,GJ 1265,b,GJ 1265 b,3.6511,0.026,0.234,0.02328,333.4324675,-17.6870623,,0.04,0.0012,14.01,8.422,8.955,8.115,3236,0.19,0.18,,,,
637,LHS 1140,c,LHS 1140 c,3.777931,0.02675,0.114,0.00569,11.248632,-15.2741085,89.92,0.31,3.00E-06,14.15,9.092,9.612001,8.821,3216,0.21,0.18,438,,,2458226.843
654,K2-287,b,K2-287 b,14.893291,0.1206,0.847,0.315,233.0743401,-22.3583447,88.13,0.478,2.50E-05,11.41,9.283,9.677,9.188,5695,1.07,1.06,804,,,2458001.721
675,K2-292,b,K2-292 b,16.9841,0.13,0.235,0.07709,205.3758786,-9.9460704,88.4,0.04,0.0008,9.885,8.452,8.73,8.407,5725,1.09,1,795,,3.66,2458180.284
676,HD 20781,d,HD 20781 d,29.158,0.1647,0.29,0.0334,50.0139757,-28.7841175,,0.11,0.0102,8.48,6.642,7.045,6.553,5256,,0.7,,,,
677,HD 20781,e,HD 20781 e,85.5073,0.3374,0.342,0.0442,50.0139757,-28.7841175,,0.06,0.0983,8.48,6.642,7.045,6.553,5256,,0.7,,,,
678,HD 45184,c,HD 45184 c,13.1354,0.11,0.26,0.0277,96.1820205,-28.7806402,,0.07,0.0026,6.383,4.962,5.219,4.871,5869,,1.03,,,,
680,GJ 143,b,GJ 143 b,35.61253,0.1915,0.233,0.07142,51.7501882,-63.500166,89.33,0.188,0.0006,8.08,5.524,6.081,5.375,4640,0.7,0.73,422,0.160996,3.23,2458385.925
682,HD 23472,b,HD 23472 b,17.667,0.121,0.167,0.05638,55.4590314,-62.7672667,,0,0.142,9.73,7.347,7.865,7.207,4813,0.73,0.75,,0.0663,2.695974,2458325.326
683,HD 23472,c,HD 23472 c,29.625,0.17,0.192,0.05405,55.4590314,-62.7672667,,0,0.224,9.73,7.347,7.865,7.207,4813,0.73,0.75,475.476044,0.0627,2.945885,2458340.304
685,HD 219666,b,HD 219666 b,6.03607,0.06356,0.42,0.05223,349.5592665,-56.9039857,86.38,0,0.00064,9.809,8.254,8.557,8.158,5527,1.03,0.92,1073,0.170403,2.158,2458329.2
686,HD 1397,b,HD 1397 b,11.53533,0.1097,1.026,0.415,4.4471631,-66.3589285,88.99,0.251,0.00079,7.79,6.09,6.442,5.988,5521,2.34,1.32,1228.3,0.2037,8.6016,2458332.083
706,HD 221416,b,HD 221416 b,14.2767,0.1228,0.836,0.19,353.0331863,-21.8012007,85.75,0.115,0.0037,8.15,6.149,6.568,6.043,5080,2.94,1.21,,0.08318,9.207214,2458357.015
711,GJ 143,c,HD 21749 c,7.78993,0.0695,0.08,0.01164,51.7501882,-63.500166,88.9,,0.00051,8.08,5.524,6.081,5.375,4640,0.7,0.73,701,0.021324,2.515,2458371.229
720,HD 210193,b,HD 210193 b,649.918,1.487,1.27,0.4817,332.3951324,-41.225205,,0.24,8.599,7.83,6.39,6.674,6.31,5790,,1.04,,,,
721,HD 211970,b,HD 211970 b,25.201,0.143,0.327,0.0409,335.5661579,-54.5596006,,0.15,0.025,10.24,5.842,6.462,5.663,4127,,0.61,,,,
722,HD 39855,b,HD 39855 b,3.2498,0.041,0.254,0.02674,88.6260731,-19.7044472,,0.14,0.0004,7.51,5.836,6.207,5.756,5576,,0.87,,,,
723,HIP 35173,b,HIP 35173 b,41.516,0.217,0.322,0.03996,109.0449329,-3.6661273,,0.16,0.077,9.01,6.803,7.263,6.674,4881,,0.79,,,,
725,HD 102843,b,HD 102843 b,3090.942,4.074,1.17,0.35837,177.5854673,-1.2522989,,0.11,295.049,9.26,7.535,7.896,7.495,5436,,0.95,,,,
726,HD 103949,b,HD 103949 b,120.878,0.439,0.299,0.03524,179.5479558,-23.9241221,,0.19,0.446,8.7,6.411,6.903,6.314,4792,,0.77,,,,
727,HD 206255,b,HD 206255 b,96.045,0.461,0.577,0.1076,325.5917768,-50.0935884,,0.23,0.317,7.62,6.07,6.379,5.979,5635,,1.42,,,,
728,HD 21411,b,HD 21411 b,84.288,0.362,0.85,0.20734,51.5474155,-30.6168403,,0.4,0.127,7.88,6.238,6.573,6.131,5605,,0.89,,,,
729,HD 64114,b,HD 64114 b,45.791,0.246,0.393,0.056,117.982556,-11.0337221,,0.12,0.07,7.71,6.125,6.478,6.046,5676,,0.95,,,,
730,HD 8326,b,HD 8326 b,158.991,0.533,0.855,0.20955,20.5314418,-26.8940678,,0.2,1.44,8.76,6.587,7.052,6.504,4914,,0.8,,,,
731,HIP 54373,b,HIP 54373 b,7.76,0.063,0.256,0.02712,166.8643532,-19.2916857,,0.2,0.003,10.38,6.853,7.449,6.62,4021,,0.57,,,,
732,HIP 54373,c,HIP 54373 c,15.144,0.099,0.318,0.03914,166.8643532,-19.2916857,,0.2,0.008,10.38,6.853,7.449,6.62,4021,,0.57,,,,
734,HIP 71135,b,HIP 71135 b,87.19,0.335,0.406,0.05915,218.2158073,-52.6464757,,0.21,0.381,10.53,7.397,8.039,7.242,4146,,0.66,,,,
735,HD 15337,b,HD 15337 b,4.75615,0.0522,0.146,0.02363,36.8678846,-27.6361171,88.5,0.09,0.00017,9.1,7.215,7.553,7.044,5125,0.86,0.9,1001,0.0344,2.49,2458411.462
736,HD 15337,c,HD 15337 c,17.1784,0.1268,0.213,0.02552,36.8678846,-27.6361171,88.5,0.05,0.0016,9.1,7.215,7.553,7.044,5125,0.86,0.9,642,0.0758,2.25,2458414.55
758,L 98-59,b,L 98-59 b,2.2531,0.02282,0.071,0.00318,124.5328604,-68.3144658,88.7,0.12,0.0004,11.685,7.359,7.933,7.101,3412,0.31,0.31,610,0.067738,1.02,2458366.171
759,L 98-59,c,L 98-59 c,3.6904,0.0317,0.12,0.00761,124.5328604,-68.3144658,89.3,0.07,0.0003,11.685,7.359,7.933,7.101,3412,0.31,0.31,517,0.179737,1.252186,2458367.275
760,L 98-59,d,L 98-59 d,7.4512,0.0506,0.14,0.00727,124.5328604,-68.3144658,88.5,0.09,0.0007,11.685,7.359,7.933,7.101,3412,0.31,0.31,409,0.16678,0.845834,2458362.738
769,HD 180617,b,HD 180617 b,105.9,0.3357,0.315,0.03839,289.2277322,5.1631615,,0.16,0.09,9.12,4.929,5.583,4.673,3557,0.45,0.45,,,,
770,LSPM J2116+0234,b,LSPM J2116+0234 b,14.4399,0.0876,0.331,0.04185,319.1147513,2.5807711,,0.183,0.0078,11.961,7.601,8.219,7.324,3475,0.43,0.43,,,,2457573.6
794,TOI-270,b,TOI-270 b,3.36008,0.0306,0.111,0.00657,68.4160804,-51.9573937,88.65,0,6.50E-05,12.603,8.531,9.099,8.251,3386,0.38,0.4,528,0.0901,1.387,2458461.015
795,TOI-270,c,TOI-270 c,5.660172,0.0472,0.216,0.0203,68.4160804,-51.9573937,89.53,0,3.50E-05,12.603,8.531,9.099,8.251,3386,0.38,0.4,424,0.3394,1.658,2458463.085
796,TOI-270,d,TOI-270 d,11.38014,0.0733,0.19,0.0163,68.4160804,-51.9573937,89.69,0,0.00011,12.603,8.531,9.099,8.251,3386,0.38,0.4,340,0.2645,2.148,2458469.338
797,GJ 357,b,GJ 357 b,3.93072,0.035,0.109,0.00579,144.0074644,-21.6650634,89.12,,8.00E-05,10.91,6.74,7.337,6.475,3505,0.34,0.34,525,0.116426,1.53,2458517.999
798,GJ 357,c,GJ 357 c,9.1247,0.061,0.148,0.0107,144.0074644,-21.6650634,,,0.0011,10.91,6.74,7.337,6.475,3505,0.34,0.34,401.2,,,
799,GJ 357,d,GJ 357 d,55.661,0.204,0.209,0.01919,144.0074644,-21.6650634,,,0.055,10.91,6.74,7.337,6.475,3505,0.34,0.34,219.6,,,
802,LTT 1445 A,b,LTT 1445 A b,5.35882,0.03807,0.123,0.00692,45.4624781,-16.5944956,89.4,0.19,0.0003,10.59,6.774,7.294,6.496,3337,0.28,0.26,433,0.2498,1.3776,2458423.426
829,WASP-185,b,WASP-185 b,9.38755,0.0904,1.25,0.98,214.0595791,-19.5423062,86.8,0.24,2.00E-05,11.101,9.601,9.873,9.505,5900,1.5,1.12,1160,0.73,4.608,2456935.982
833,GJ 27.1,b,GJ 27.1 b,15.819,0.101,0.327,0.0409,9.9980016,-44.2541679,,0.08,0.023,11.45,7.609,8.225,7.394,3542,,0.53,,,,
834,GJ 160.2,b,GJ 160.2 b,5.2354,0.053,0.283,0.03209,61.6454173,-20.8564724,,0.06,0.0027,9.7,6.854,7.439,6.702,4347,,0.69,,,,
835,GJ 180,b,GJ 180 b,17.133,0.092,0.217,0.02042,73.460097,-17.776194,,0.07,0.003,10.914,6.86,7.413,6.598,3371,,0.43,,,,
836,GJ 180,c,GJ 180 c,24.329,0.129,0.215,0.02014,73.460097,-17.776194,,0.09,0.052,10.914,6.86,7.413,6.598,3371,,0.43,,,,
837,GJ 229,b,GJ 229 b,526.115,0.898,0.254,0.02667,92.6435993,-21.8677233,,0.1,4.3,8.15,4.393,5.104,4.166,3564,,0.58,,,,
838,GJ 422,b,GJ 422 b,20.129,0.111,0.297,0.03483,168.9810458,-57.5425629,,0.11,0.005,11.66,7.304,7.811,7.035,3323,,0.35,,,,
839,GJ 433,c,GJ 433 c,5094.105,4.819,0.56,0.10201,173.8619194,-32.5436302,,0.12,608.617,9.81,5.856,6.471,5.623,3472,,0.48,,,,
840,GJ 682,b,GJ 682 b,17.478,0.08,0.173,0.01384,264.2610245,-44.3232519,,0.08,0.062,10.94,5.917,6.544,5.606,3028,,0.27,,,,
841,GJ 682,c,GJ 682 c,57.32,0.176,0.258,0.02737,264.2610245,-44.3232519,,0.1,0.45,10.94,5.917,6.544,5.606,3028,,0.27,,,,
848,7 CMa,c,7 CMa c,996,2.153,1.24,0.87,99.171276,-19.2561808,90,0.08,1.5,3.95,1.679,2.173,1.564,4826,4.87,1.34,,,,
856,TOI-125,b,TOI-125 b,4.65382,0.05186,0.243,0.02989,23.5934253,-66.6763495,88.92,0.194,0.00033,11.023,9.112001,9.466,8.995,5320,0.85,0.86,1037,0.087,2.9616,2458355.355
857,TOI-125,c,TOI-125 c,9.15059,0.0814,0.246,0.02086,23.5934253,-66.6763495,88.54,0.066,0.0007,11.023,9.112001,9.466,8.995,5320,0.85,0.86,827.8,0.0891,2.9544,2458361.909
869,HD 213885,b,HD 213885 b,1.008035,0.02012,0.156,0.02778,338.9837166,-59.864829,80.09,0,2.10E-05,7.95,6.501,6.806,6.419,5978,1.1,1.07,2128,0.02,1.534232,2458379.97
870,HD 213885,c,HD 213885 c,4.78503,0.056798,0.42,0.06277,338.9837166,-59.864829,,0,0.00056,7.95,6.501,6.806,6.419,5978,1.1,1.07,1265.4,,,
872,WASP-126,c,WASP-126 c,7.63,,0.837,0.20199,63.374706,-69.2265926,85.5,0.05,0.17,10.994,9.659,9.962,9.598,5800,1.27,1.12,,,,
882,TOI-813,b,TOI-813 b,83.8911,0.423,0.599,0.114,72.6940102,-60.9054608,89.64,0,0.0027,10.358,9.053001,9.326,9.029,5907,1.94,1.32,610,0.119534,13.280961,2458370.784
888,GJ 1252,b,GJ 1252 b,0.5182349,0.00916,0.106,0.00658,306.9286462,-56.4622865,85,0,6.30E-06,12.68,8.161,8.697,7.915,3458,0.39,0.38,1089,0.084771,0.734,2458668.097
892,L 168-9,b,L 168-9 b,1.4015,0.02091,0.124,0.01447,350.0285917,-60.0657292,85.5,0.21,0.00018,11.005,7.32,7.941,7.082,3800,0.6,0.62,965,0.05655,1.264937,2458340.048
893,TOI-125,d,TOI-125 d,19.98,0.137,0.261,0.04279,23.5934253,-66.6763495,88.795,0.168,0.005,11.023,9.112001,9.466,8.995,5320,0.85,0.86,638.1,0.1,3.1128,2458342.852
896,GJ 1061,b,GJ 1061 b,3.204,0.021,0.098,0.00431,54.0032486,-44.5143104,,0.31,0.001,12.7,7.015,7.523,6.61,2953,0.16,0.12,,,,
898,GJ 1061,c,GJ 1061 c,6.689,0.035,0.105,0.00547,54.0032486,-44.5143104,,0.29,0.005,12.7,7.015,7.523,6.61,2953,0.16,0.12,,,,
899,GJ 1061,d,GJ 1061 d,13.031,0.054,0.103,0.00516,54.0032486,-44.5143104,,0.53,0.025,12.7,7.015,7.523,6.61,2953,0.16,0.12,,,,
910,LHS 1815,b,LHS 1815 b,3.81433,0.0404,0.097,0.02737,91.0899861,-55.3115376,88.125,0,3.00E-05,12.167,8.209,8.801,7.993,3643,0.5,0.5,617,0.047581,1.465153,2458327.416
912,TOI-1130,b,TOI-1130 b,4.066499,0.04394,0.326,0.0407,286.3760037,-41.4376399,87.98,0.22,4.60E-05,11.595,8.493,9.055,8.351,4250,0.69,0.68,810,0.21529,2.3,2458658.746
913,TOI-1130,c,TOI-1130 c,8.350381,0.07098,1.5,0.974,286.3760037,-41.4376399,87.43,0.047,3.20E-05,11.595,8.493,9.055,8.351,4250,0.69,0.68,637,1.533,2.02,2458657.905
928,LTT 3780,b,LTT 3780 b,0.768448,0.01211,0.119,0.00824,154.6449033,-11.717801,87.1,0,5.50E-05,13.14,8.439,9.007,8.204001,3331,0.37,0.4,892,0.1087,0.805,2458543.912
929,LTT 3780,c,LTT 3780 c,12.2519,0.07673,0.205,0.02706,154.6449033,-11.717801,89.18,0.06,0.0028,13.14,8.439,9.007,8.204001,3331,0.37,0.4,353,0.324,1.392,2458546.848
940,AU Mic,b,AU Mic b,8.46321,0.066,0.375,0.18,311.2911369,-31.34245,,0.1,4.00E-05,8.81,4.831,5.436,4.529,3700,0.75,0.5,,,3.5,2458330.392
955,HD 95338,b,HD 95338 b,55.087,0.262,0.347,0.13353,164.8563364,-56.6235564,89.57,0.197,0.02,8.62,6.729,7.099,6.591,5212,0.87,0.83,385,0.207,4.276,2458585.28
959,TOI-700,b,TOI-700 b,9.97702,0.0677,0.093,0.00348,97.0957165,-65.5786149,89.66,0.081,0.00024,13.151,8.893,9.469,8.634,3461,0.42,0.42,417,0.0503,2.2632,2458490.987
960,TOI-700,c,TOI-700 c,16.05111,0.0929,0.236,0.0236,97.0957165,-65.5786149,88.868,0.078,6.20E-05,13.151,8.893,9.469,8.634,3461,0.42,0.42,356,0.329,1.4136,2458548.753
961,TOI-700,d,TOI-700 d,37.42475,0.1633,0.102,0.00495,97.0957165,-65.5786149,89.79,0.111,0.00036,13.151,8.893,9.469,8.634,3461,0.42,0.42,268.8,0.0613,3.3216,2458742.148
964,BD-11 4672,c,BD-11 4672 c,74.2,0.3,0.36,0.04836,278.3688659,-11.6370481,,0.4,0.06,10.03,7.031,7.651,6.867,4550,0.64,0.65,,,,
965,HIP 67522,b,HIP 67522 b,6.959503,,0.898,0.228,207.526001,-40.8358961,89.34,0.059,1.60E-05,9.79,8.287,8.587,8.164,5675,1.38,1.22,1174,,4.822,2458604.024
973,HD 86226,c,HD 86226 c,3.98442,0.049,0.193,0.02281,149.1235154,-24.0991859,86.45,0.075,0.00018,7.93,6.577,6.839,6.463,5863,1.05,1.02,1311,0.038973,3.12,2458543.254
1001,LTT 9779,b,LTT 9779 b,0.792052,0.01679,0.421,0.09225,358.6688334,-37.6282141,76.39,0,9.30E-06,9.79,8.153,8.446,8.016,5443,0.95,0.77,1978,0.15842,0.686972,2458354.214
1004,TOI-763,b,TOI-763 b,5.6057,0.06,0.203,0.0308,194.468098,-39.7580613,,0.04,0.0013,10.265,8.554,8.858,8.49,5450,0.9,0.92,1038,0.074126,2.777366,2458572.102
1006,TOI-763,c,TOI-763 c,12.2737,0.1011,0.235,0.02932,194.468098,-39.7580613,,0.04,0.0053,10.265,8.554,8.858,8.49,5450,0.9,0.92,800,0.097627,3.656382,2458572.966
1008,TOI-824,b,TOI-824 b,1.392978,0.02177,0.261,0.0581,222.1654705,-57.5888666,83.65,,1.80E-05,11.314,8.557,9.145001,8.432,4600,0.7,0.71,1253,0.149,1.15344,2458639.604
1012,TOI-540,b,TOI-540 b,1.2391491,0.01223,0.081,0.00212,76.3096949,-47.9375391,86.8,0,1.70E-06,14.823,9.17,9.755,8.9,3216,0.19,0.16,611,0.216789,0.470455,2458411.826
1015,TOI-421,b,TOI-421 b,5.19672,0.056,0.239,0.02256,81.8532824,-14.2767404,85.68,0.163,0.00049,9.931,8.219,8.547,8.071,5325,0.87,0.85,981.4,,1.107,2458441.285
1016,TOI-421,c,TOI-421 c,16.06819,0.1189,0.454,0.05166,81.8532824,-14.2767404,88.353,0.152,0.00035,9.931,8.219,8.547,8.071,5325,0.87,0.85,673.6,0.295865,2.71,2458440.132
1018,GJ 3473,b,GJ 3473 b,1.1980035,0.01589,0.113,0.00585,120.5936065,3.3371629,87.95,0,1.80E-06,13.74,9.063,9.627,8.829001,3347,0.36,0.36,773,0.105099,0.95,2458492.204
1019,GJ 3473,c,GJ 3473 c,15.509,0.0876,0.235,0.02331,120.5936065,3.3371629,,0,0.033,13.74,9.063,9.627,8.829001,3347,0.36,0.36,329.1,,,
1347,HD 215152,b,HD 215152 b,5.75999,0.057638,0.106,0.00572,340.8380941,-6.4020685,,0,0.00157,8.11,5.895,6.353,5.775,4935,0.73,0.77,,,,
1348,HD 215152,c,HD 215152 c,7.28243,0.067393,0.105,0.00541,340.8380941,-6.4020685,,0,0.00451,8.11,5.895,6.353,5.775,4935,0.73,0.77,,,,
1349,HD 215497,b,HD 215497 b,3.93404,0.05,0.214,0.02,341.652714,-56.5997984,,0.16,0.00066,8.96,6.917,7.339,6.784,5110,0.85,0.67,,,,
1350,HD 215497,c,HD 215497 c,567.94,1.282,1.11,0.33,341.652714,-56.5997984,,0.49,2.7,8.96,6.917,7.339,6.784,5113,,0.87,,,,
1353,HD 216770,b,HD 216770 b,118.45,0.46,1.26,0.57,343.9748751,-26.6595286,,0.37,0.55,8.11,6.429,6.752,6.311,5399,0.93,0.74,,,,
1354,HD 21693,b,HD 21693 b,22.6786,0.1455,0.25,0.0259,51.8040469,-58.3232726,,0.12,0.0085,7.95,6.288,6.607,6.193,5430,,0.8,,,,
1355,HD 21693,c,HD 21693 c,53.7357,0.2586,0.387,0.0547,51.8040469,-58.3232726,,0.07,0.0312,7.95,6.288,6.607,6.193,5430,,0.8,,,,
1359,HD 218566,b,HD 218566 b,225.7,0.69,0.832,0.2,347.297417,-2.2611645,,0.3,0.4,8.6,6.344,6.824,6.223,4730,0.85,0.76,,,,
1365,HD 224693,b,HD 224693 b,26.6904,0.191,1.25,0.7,359.9749837,-22.4279999,,0.104,0.0019,8.23,6.882,7.136,6.808,5894,1.93,1.31,,,,
1374,HD 2638,b,HD 2638 b,3.4442,0.04,1.28,0.42,7.4990038,-5.76496,,0,0.0002,9.44,7.417,7.858,7.308,5186,0.94,0.77,,,,
1376,HD 27894,b,HD 27894 b,18.02,0.125,1.25,0.665,65.1975693,-59.4096776,,0.047,0.01,9.36,7.174,7.639,7.071,4875,,0.8,,,,
1386,HD 31527,b,HD 31527 b,16.5535,0.1254,0.288,0.0329,73.9096193,-23.2413163,,0.1,0.0034,7.49,6.048,6.373,6.049,5898,,0.96,,,,
1387,HD 31527,c,HD 31527 c,51.2053,0.2663,0.343,0.0445,73.9096193,-23.2413163,,0.04,0.0373,7.49,6.048,6.373,6.049,5898,,0.96,,,,
1388,HD 31527,d,HD 31527 d,271.6737,0.8098,0.309,0.0372,73.9096193,-23.2413163,,0.24,2.1135,7.49,6.048,6.373,6.049,5898,,0.96,,,,
1390,HD 330075,b,HD 330075 b,3.38773,0.04,1.27,0.48,237.4054997,-49.9639199,,0,8.00E-05,9.36,7.253,7.725,7.171,5000,0.84,0.47,990,,,
1392,HD 33283,b,HD 33283 b,18.1991,0.1508,1.12,0.329,77.0044889,-26.7976689,,0.399,0.0017,8.05,6.729,6.983,6.646,5935,1.97,1.38,,,,
1394,HD 34445,b,HD 34445 b,1049,2.07,1.24,0.82,79.4207483,7.3527156,,0.27,11,7.31,5.848,6.122,5.79,5879,1.38,1.14,,,,
1400,HD 38529,b,HD 38529 b,14.30944,0.1294,1.24,0.797,86.6451363,1.1675866,,0.28,0.0003,5.92848,4.384,4.905,4.211,5541,2.56,1.41,,,,
1404,HD 40307,b,HD 40307 b,4.3123,0.0468,0.163,0.0126,88.5172191,-60.0237289,,0.2,0.0011,7.17,4.968,5.412,4.793,4956,0.72,0.77,910,,,
1405,HD 40307,c,HD 40307 c,9.6184,0.0799,0.219,0.0208,88.5172191,-60.0237289,,0.06,0.005,7.17,4.968,5.412,4.793,4956,0.72,0.77,696,,,
1406,HD 40307,d,HD 40307 d,20.432,0.1321,0.272,0.0299,88.5172191,-60.0237289,,0.07,0.022,7.17,4.968,5.412,4.793,4956,0.72,0.77,541,,,
1412,HD 4208,b,HD 4208 b,832.97,1.662,1.24,0.81,11.1125532,-26.5150392,,0.042,2.15,7.783,6.243,6.57,6.163,5717,0.85,0.88,,,,
1413,HD 4308,b,HD 4308 b,15.56,0.12,0.368,0.05,11.1652594,-65.6527159,,0,0.02,6.55,5.101,5.366,4.945,5686,1.02,0.93,,,,
1416,HD 43197,b,HD 43197 b,327.8,0.92,1.26,0.6,93.3993231,-29.8971929,,0.83,1.2,8.98,7.328,7.658,7.203,5508,1,0.96,,,,
1418,HD 44219,b,HD 44219 b,472.3,1.19,1.26,0.58,95.0599971,-10.7250799,,0.61,6.3,7.69,6.215,6.509,6.115,5752,1.32,1,,,,
1419,HD 45184,b,HD 45184 b,5.8854,0.0644,0.314,0.0384,96.1820205,-28.7806402,,0.07,0.0003,6.383,4.962,5.219,4.871,5869,,1.03,,,,
1421,HD 45364,b,HD 45364 b,226.93,0.6813,0.8,0.1872,96.4105736,-31.4810037,,0.1684,0.37,8.08,6.38,6.748,6.316,5434,,0.82,,,,
1422,HD 45364,c,HD 45364 c,342.85,0.8972,1.25,0.6579,96.4105736,-31.4810037,,0.0974,0.28,8.08,6.38,6.748,6.316,5434,,0.82,,,,
1424,HD 46375,b,HD 46375 b,3.023573,0.0398,0.894,0.226,98.3030763,5.4625071,,0.063,6.50E-05,7.91,6.072,6.452,6,5285,,0.92,,,,
1425,HD 47186,b,HD 47186 b,4.0845,0.05,0.448,0.07,99.0367212,-27.6234285,,0.04,0.0002,7.63,6.1,6.416,6.005,5657,1.08,0.96,,,,
1432,HD 51608,b,HD 51608 b,14.0726,0.1059,0.323,0.0402,103.7137102,-55.2600189,,0.09,0.0016,8.17,6.451,6.813,6.328,5358,,0.8,,,,
1433,HD 51608,c,HD 51608 c,95.9446,0.3809,0.346,0.045,103.7137102,-55.2600189,,0.14,0.1555,8.17,6.451,6.813,6.328,5358,,0.8,,,,
1442,HD 63454,b,HD 63454 b,2.81805,0.04,1.098,0.25,114.8406393,-78.2791464,,0,7.10E-05,9.37,7.18,7.596,6.998,4812,0.77,0.42,,,,
1443,HD 63765,b,HD 63765 b,358,0.94,1.27,0.53,116.9582617,-54.265345,,0.24,1,8.1,6.442,6.768,6.316,5449,0.83,0.65,,,,
1444,HD 6434,b,HD 6434 b,21.998,0.14,1.27,0.49,16.1663441,-39.4904909,,0.17,0.009,7.72,6.272,6.577,6.187,5769,1.12,1.1,,,,
1449,HD 69830,b,HD 69830 b,8.667,0.0785,0.283,0.0321,124.6010091,-12.6364246,,0.1,0.003,5.96004,4.364,4.953,4.165,5385,,0.86,,,,
1450,HD 69830,c,HD 69830 c,31.56,0.186,0.309,0.0371,124.6010091,-12.6364246,,0.13,0.04,5.96004,4.364,4.953,4.165,5385,,0.86,,,,
1451,HD 69830,d,HD 69830 d,197,0.63,0.397,0.057,124.6010091,-12.6364246,,0.07,3,5.96004,4.364,4.953,4.165,5385,,0.86,,,,
1454,HD 7199,b,HD 7199 b,615,1.36,0.993,0.27,17.6979344,-66.1886947,,0.19,7,8.06,6.329,6.664,6.229,5371,0.97,0.77,,,,
1465,HD 76700,b,HD 76700 b,3.97097,0.05,0.856,0.21,133.4782248,-66.8004747,,0.09,0.00023,8.16,6.613,6.911,6.5,5644,1.37,0.99,,,,
1474,HD 83443,b,HD 83443 b,2.9857,0.04,1.14,0.34,144.2994103,-43.272721,,0.01,5.70E-05,8.23,6.585,6.876,6.444,5442,0.94,0.79,,,,
1476,HD 85390,b,HD 85390 b,799.52,1.373,0.55,0.099,147.5105663,-49.7905254,,0.5,2.41,8.54,6.612,7.012,6.491,5186,0.8,0.76,,,,
1477,HD 85512,b,HD 85512 b,58.43,0.26,0.153,0.011,147.7821226,-43.5048162,90,0.11,0.13,7.67,4.998,5.451,4.717,4300,0.71,0.43,298,,,
1480,HD 86226,b,HD 86226 b,1628,2.73,1.28,0.45,149.1235154,-24.0991859,,0.059,22,7.93,6.577,6.839,6.463,5863,1.05,1.02,176,,,
1488,HD 90156,b,HD 90156 b,49.77,0.25,0.395,0.057,155.9801144,-29.645103,,0.31,0.07,6.92,5.382,5.685,5.245,5599,,0.84,,,,
1490,HD 93083,b,HD 93083 b,143.58,0.477,1.2,0.37,161.0866672,-33.5776794,,0.14,0.6,8.3,6.259,6.694,6.132,4995,,0.7,,,,
1496,HD 96167,b,HD 96167 b,498.04,1.332,1.25,0.717,166.3125657,-10.291345,,0.685,0.76,8.09,6.621,6.926,6.554,5733,1.94,1.27,,,,
1499,HD 99109,b,HD 99109 b,439.29999,1.11,1.28,0.44,171.0715576,-1.529761,,0.09,5.6,9.1,7.259,7.626,7.162,5282,0.98,0.76,,,,
1500,HD 99492,b,HD 99492 b,17.0431,0.12,0.448,0.07,171.689687,3.0071331,,0.25,0.0047,7.56727,5.403,5.852,5.256,4815,0.83,0.48,,,,
1502,HIP 12961,b,HIP 12961 b,57.435,0.25,1.18,0.36,41.6800749,-23.0860048,,0.17,0.042,10.25,6.927,7.558,6.736,3901,0.65,0.69,,,,
1585,WASP-29,b,WASP-29 b,3.92273,0.0457,0.77,0.23,357.8791976,-39.9071215,88.8,0.03,4.00E-06,11.331,8.875,9.353,8.783,4800,0.79,0.77,970,1,2.64864,2455830.189
1590,WASP-34,b,WASP-34 b,4.31768,0.0524,1,0.56,165.3993679,-23.8609457,85.2,0.04,5.00E-06,10.285,8.842,9.172,8.792,5700,0.91,0.96,1250,1.3,2.1024,2454647.554
1591,WASP-35,b,WASP-35 b,3.16158,0.04317,1.3,0.71,76.0818912,-6.2297801,87.96,0,2.00E-06,10.939,9.598,9.887,9.525,5990,1.08,1.05,,1.5,3.0672,2455531.48
1625,HD 38283,b,HD 38283 b,363.20001,1.02,1.25,0.4,84.2605324,-73.6998131,,0.41,1.6,6.69,5.339,5.645,5.267,5981,1.49,1.37,,,,
1661,HD 77338,b,HD 77338 b,5.7361,0.06,0.368,0.05,135.3022475,-25.5282343,,0.09,0.0015,8.63,6.905,7.218,6.761,5341,0.97,1.37,,,,
1662,HD 207832,b,HD 207832 b,160.07,0.586,1.26,0.56,328.1517893,-26.0271749,,0.197,0.23,8.78,7.297,7.587,7.207,5726,0.89,1.05,,,,
1663,HD 207832,c,HD 207832 c,1155.7,2.112,1.25,0.73,328.1517893,-26.0271749,,0.27,71.9,8.78,7.297,7.587,7.207,5710,0.9,0.94,,,,
1678,WASP-63,b,WASP-63 b,4.37808,0.0574,1.41,0.37,94.3363562,-38.3233826,87.8,0,6.00E-06,11.155,9.463,9.818,9.393,5550,1.86,1.28,,0.61,5.34,2455921.654
1693,HD 40307,f,HD 40307 f,51.76,0.247,0.19,0.0164,88.5172191,-60.0237289,,0.02,0.5,7.17,4.968,5.412,4.793,4956,0.72,0.77,398,,,
1694,HD 40307,g,HD 40307 g,197.8,0.6,0.229,0.0223,88.5172191,-60.0237289,,0.29,5.7,7.17,4.968,5.412,4.793,4956,0.72,0.77,255,,,
1706,BD-06 1339,b,BD-06 1339 b,3.8728,0.0428,0.254,0.027,88.2511811,-5.9963378,,0,0.0004,9.7,6.517,7.128,6.305,4324,,0.7,,,,
1707,BD-06 1339,c,BD-06 1339 c,125.94,0.435,0.747,0.17,88.2511811,-5.9963378,,0.31,0.44,9.7,6.517,7.128,6.305,4324,,0.7,,,,
1709,HD 109271,b,HD 109271 b,7.8543,0.079,0.385,0.054,188.397397,-11.6215204,,0.25,0.0009,8.04,6.555,6.855,6.495,5783,,1.05,,,,
1710,HD 109271,c,HD 109271 c,30.93,0.196,0.47,0.076,188.397397,-11.6215204,,0.15,0.02,8.04,6.555,6.855,6.495,5783,,1.05,,,,
1718,WASP-80,b,WASP-80 b,3.06785234,0.0344,0.999,0.538,303.1667996,-2.1444369,89.02,0.002,8.30E-07,11.841,8.513,9.218,8.351,4143,0.59,0.58,825,2.937,2.131,2456487.425
1721,HD 159868,c,HD 159868 c,351,1.032,1.25,0.768,264.7466665,-43.1462347,,0.184,1.1,7.24,5.567,5.941,5.535,5534,2.13,1.19,,,,
1739,GJ 667 C,e,GJ 667 C e,62.24,0.213,0.129,0.008,259.7510609,-34.9977651,,0.02,0.55,10.602,6.322,6.848,6.036,3350,,0.33,,,,
1740,GJ 667 C,f,GJ 667 C f,39.026,0.156,0.129,0.008,259.7510609,-34.9977651,,0.03,0.194,10.602,6.322,6.848,6.036,3350,,0.33,,,,
1741,GJ 667 C,g,GJ 667 C g,256.2,0.549,0.177,0.014,259.7510609,-34.9977651,,0.08,13.8,10.602,6.322,6.848,6.036,3350,,0.33,,,,
1789,HD 114613,b,HD 114613 b,4000,5.34,1.17,0.357,198.0111842,-37.8028236,,0.458,120,4.85,3.346,3.692,3.303,5641,2.14,1.27,,,,
1821,Kapteyn,c,Kapteyn c,121.54,0.311,0.227,0.022,77.9586613,-45.0430198,,0.23,0.25,8.86,5.316,5.821,5.049,3550,0.29,0.28,,,,
1826,GJ 832,c,GJ 832 c,35.68,0.163,0.195,0.017,323.3912616,-49.0125169,,0.18,0.03,8.66,4.766,5.349,4.501,3472,,0.45,,,,
1849,WASP-69,b,WASP-69 b,3.86814,0.04525,1.11,0.29,315.0259661,-5.094857,86.71,0,2.00E-06,9.873,7.543,8.032,7.459,4700,0.86,0.98,963,1.8,2.2296,2455748.833
1850,WASP-70 A,b,WASP-70 A b,3.7130203,0.04853,1.164,0.59,315.4771912,-13.4333821,87.12,0,4.70E-06,10.786,9.714,9.996,9.58,5763,1.22,1.11,1387,0.97,3.3336,2455736.503
1851,WASP-84,b,WASP-84 b,8.5234865,0.0771,0.942,0.694,131.1069959,1.8598933,88.368,0,7.00E-06,10.825,8.956,9.346,8.855,5314,0.75,0.84,797,1.678,2.74848,2454286.106
1859,GJ 3293,b,GJ 3293 b,30.5987,0.14339,0.463,0.07406,67.1484425,-25.1713396,,0.06,0.0083,11.945,7.749,8.362001,7.486,3466,0.4,0.42,,,,
1860,GJ 3293,c,GJ 3293 c,122.6196,0.36175,0.434,0.06636,67.1484425,-25.1713396,,0.11,0.2429,11.945,7.749,8.362001,7.486,3466,0.4,0.42,,,,
1861,GJ 3341,b,GJ 3341 b,14.207,0.089,0.219,0.0208,78.9471415,-31.2948458,,0.31,0.007,12.062,7.99,8.592,7.733,3526,0.44,0.47,,,,
1862,HIP 116454,b,HIP 116454 b,9.1205,0.0906,0.22,0.04,353.9543517,0.4447043,88.43,0.2,0.0005,10.19,8.14,8.604,8.029,5089,0.72,0.81,690,0.097,,2456907.89
1863,HD 564,b,HD 564 b,492.3,1.2,1.12,0.33,2.4694459,-50.2678998,,0.096,2.3,8.32,6.983,7.218,6.893,5902,1.01,0.96,,,,
1864,HD 30669,b,HD 30669 b,1684,2.69,1.27,0.47,72.1198522,-28.4190757,,0.18,61,9.12,7.39,7.754,7.329,5400,0.91,0.92,,,,
1866,HD 103720,b,HD 103720 b,4.5557,0.0498,1.26,0.62,179.1713308,-2.7791393,,0.086,0.0001,9.5,7.431,7.838,7.283,5017,0.73,0.79,,,,
1868,BD-11 4672,b,BD-11 4672 b,1634,2.36,1.25,0.65,278.3688659,-11.6370481,,0.05,13,10.03,7.031,7.651,6.867,4550,0.64,0.65,,,,
1877,K2-3,b,K2-3 b,10.054626,0.074,0.177,0.02039,172.3353708,-1.4551364,89.588,0,1.00E-05,12.168,8.805,9.421,8.561,3896,0.56,0.6,504,0.1416,2.563,2456813.418
1878,K2-3,c,K2-3 c,24.646582,0.1345,0.139,0.00673,172.3353708,-1.4551364,89.905,0,4.10E-05,12.168,8.805,9.421,8.561,3896,0.56,0.6,374,0.0822,3.428,2456812.28
1879,K2-3,d,K2-3 d,44.55646,0.2097,0.136,0.00881,172.3353708,-1.4551364,89.788,0,0.00011,12.168,8.805,9.421,8.561,3896,0.56,0.6,282,0.0782,4.17,2456826.223
1881,WASP-20,b,WASP-20 b,4.8996284,0.06,1.462,0.311,5.1605621,-23.9357894,85.56,0,3.30E-06,10.675,9.417,9.701,9.39,5940,1.39,1.2,1379,1.164,3.4032,2455715.656
1910,WASP-74,b,WASP-74 b,2.13775,0.03705,1.36,0.72,304.538843,-1.0760033,79.81,0,1.00E-06,9.75,8.286,8.548,8.221,5990,1.42,0.98,1910,0.96,2.292,2456506.893
1931,K2-18,b,K2-18 b,32.939623,0.1429,0.211,0.02807,172.560141,7.5878315,89.579,0.2,9.50E-05,13.477,9.135,9.763,8.899,3457,0.41,0.36,284,0.3098,2.682,2457264.391
1957,GJ 1132,b,GJ 1132 b,1.628931,0.0153,0.101,0.00522,153.7090696,-47.1549358,86.58,0.22,2.70E-05,13.68,8.666,9.245,8.322,3270,0.21,0.18,529,,,2457184.558
1963,HD 175607,b,HD 175607 b,29.01,,0.263,0.02825,285.2742901,-66.1943379,,0.11,0.02,8.6,6.928,7.28,6.881,5392,0.7,0.71,,,,
1973,Wolf 1061,b,Wolf 1061 b,4.8869,0.0375,0.108,0.00601,247.5748276,-12.6676866,,0.15,0.0005,10.1,5.373,5.95,5.075,3342,0.31,0.29,,,,
1974,Wolf 1061,c,Wolf 1061 c,17.8719,0.089,0.148,0.01073,247.5748276,-12.6676866,,0.11,0.0059,10.1,5.373,5.95,5.075,3342,0.31,0.29,,,,
1975,Wolf 1061,d,Wolf 1061 d,217.21,0.47,0.24,0.02423,247.5748276,-12.6676866,,0.55,0.55,10.1,5.373,5.95,5.075,3342,0.31,0.29,,,,
2015,KELT-10,b,KELT-10 b,4.1662739,0.0525,1.399,0.679,284.5483823,-47.0033072,88.61,,6.30E-06,10.617,9.388,9.693,9.338,5948,1.21,1.11,1377,1.416,3.744,2457066.72
2023,WASP-126,b,WASP-126 b,3.28883,0.0449,0.96,0.28411,63.374706,-69.2265926,89.51,0.18,3.71E-05,10.994,9.659,9.962,9.598,5800,1.27,1.12,1480,0.712532,3.410191,2458327.521
2034,WASP-123,b,WASP-123 b,2.9776412,0.04263,1.318,0.899,289.4792124,-32.8601244,85.74,0,2.30E-06,11.03,9.457,9.799,9.362001,5740,1.29,1.17,1520,1.11,3.0936,2456845.171
2048,K2-38,b,K2-38 b,4.01593,0.05073,0.17,0.06,240.0333095,-23.1894196,87.28,,0.0005,11.344,9.6,9.911,9.47,5757,1.38,2.24,1184,0.016,2.7408,2456896.869
2049,K2-38,c,K2-38 c,10.56103,0.0964,0.216,0.03115,240.0333095,-23.1894196,88.61,,0.0009,11.344,9.6,9.911,9.47,5757,1.1,1.07,858,0.0484,2.533,2456900.475
2065,Proxima Cen,b,Proxima Cen b,11.186,0.0485,0.096,0.004,217.3934657,-62.6761821,,0.35,0.001,11.01,4.835,5.357,4.384,3050,0.14,0.12,234,,,
2067,HD 3167,b,HD 3167 b,0.959624,0.0186,0.152,0.01579,8.7401487,4.3807215,88.4,0,2.80E-05,8.97,7.203,7.548,7.066,5528,0.87,0.94,1669,0.0294,1.65,2457393.415
2068,HD 3167,c,HD 3167 c,29.83832,0.1841,0.255,0.03083,8.7401487,4.3807215,89.33,0.267,0.002905,8.97,7.203,7.548,7.066,5528,0.87,0.94,531,0.0946,4.81,2457394.99
2070,HD 133131 A,c,HD 133131 A c,3568,4.49,1.28,0.42,225.8984524,-27.8431369,,0.49,1084,7.66,6.949,7.256,6.895,5799,,0.95,,,,
2087,HD 42618,b,HD 42618 b,149.61,0.554,0.347,0.04531,93.0032173,6.7819742,,0.19,0.37,6.87,5.385,5.701,5.301,5727,1,1.02,337,,,
2103,GJ 536,b,GJ 536 b,8.7076,0.06661,0.194,0.01686,210.2597264,-2.6522901,,0.08,0.0022,9.71,5.935,6.516,5.683,3685,0.5,0.52,,,,
2119,WASP-127,b,WASP-127 b,4.178062,0.052,1.37,0.18,160.5587646,-3.8349989,88.7,0,2.00E-06,10.148,8.738,9.092,8.641,5620,1.39,1.08,1400,1.037,4.308,2457248.741
2154,GJ 3323,b,GJ 3323 b,5.3636,0.03282,0.109,0.00636,75.4868824,-6.9485133,,0.23,0.0007,12.57,7.065,7.617,6.736,3159,0.12,0.16,,,,
2155,GJ 3323,c,GJ 3323 c,40.54,0.1264,0.118,0.00727,75.4868824,-6.9485133,,0.17,0.21,12.57,7.065,7.617,6.736,3159,0.12,0.16,,,,
2156,GJ 273,b,GJ 273 b,18.6498,0.091101,0.135,0.00909,111.852091,5.225807,,0.1,0.0059,9.84,5.219,5.714,4.857,3382,0.29,0.29,,,,
2157,GJ 273,c,GJ 273 c,4.7234,0.036467,0.094,0.00371,111.852091,5.225807,,0.17,0.0004,9.84,5.219,5.714,4.857,3382,0.29,0.29,,,,
2158,GJ 3293,d,GJ 3293 d,48.1345,0.19394,0.238,0.02391,67.1484425,-25.1713396,,0.12,0.0628,11.945,7.749,8.362001,7.486,3466,0.4,0.42,,,,
2160,GJ 3293,e,GJ 3293 e,13.2543,0.08208,0.145,0.01032,67.1484425,-25.1713396,,0.21,0.0078,11.945,7.749,8.362001,7.486,3466,0.4,0.42,,,,
2167,LHS 1140,b,LHS 1140 b,24.736959,0.0936,0.154,0.02196,11.248632,-15.2741085,89.89,0.06,8.00E-05,14.15,9.092,9.612001,8.821,3216,0.21,0.18,235,,,2456915.712
2171,KELT-11,b,KELT-11 b,4.7361,0.06229,1.35,0.171,161.7069053,-9.3993646,85.3,0.0007,3.00E-05,8.04,6.251,6.616,6.122,5375,2.69,1.44,1712,0.265,7.1376,2457483.431
2175,HD 3167,d,HD 3167 d,8.509,0.07757,0.225,0.02171,8.7401487,4.3807215,,0.36,0.045,8.97,7.203,7.548,7.066,5261,0.86,0.86,,,,2457806.07
2193,WASP-107,b,WASP-107 b,5.72149,0.055,0.94,0.12,188.3864277,-10.1462141,89.7,0,2.00E-06,11.592,8.777,9.378,8.637,4430,0.66,0.69,770,2.17,2.7528,2456514.411
2206,K2-129,b,K2-129 b,8.239493,0.057,0.093,0.00352,289.1485491,-25.6463233,89.21,0.13,0.000292,13.639,9.102,9.697,8.852,3459.09,0.36,0.36,,0.0858,1.512,2457335.009
2216,WASP-156,b,WASP-156 b,3.836169,0.0453,0.51,0.128,32.782085,2.4181937,89.1,0.007,3.00E-06,11.559,9.473,9.906,9.339,4910,0.76,0.84,970,,2.41,2454677.707
2219,HD 34445,c,HD 34445 c,214.67,0.7181,0.752,0.168,79.4207483,7.3527156,,0.036,0.45,7.31,5.848,6.122,5.79,5836,1.38,1.07,,,,
2220,HD 34445,d,HD 34445 d,117.87,0.4817,0.542,0.097,79.4207483,7.3527156,,0.027,0.18,7.31,5.848,6.122,5.79,5836,1.38,1.07,,,,
2221,HD 34445,e,HD 34445 e,49.175,0.2687,0.38,0.0529,79.4207483,7.3527156,,0.09,0.045,7.31,5.848,6.122,5.79,5836,1.38,1.07,,,,
2222,HD 34445,f,HD 34445 f,676.8,1.543,0.613,0.119,79.4207483,7.3527156,,0.031,7.9,7.31,5.848,6.122,5.79,5836,1.38,1.07,,,,
2223,HD 34445,g,HD 34445 g,5700,6.36,1.21,0.38,79.4207483,7.3527156,,0.032,1500,7.31,5.848,6.122,5.79,5836,1.38,1.07,,,,
2225,GJ 9827,b,GJ 9827 b,1.2089819,0.0188,0.141,0.01545,351.7717763,-1.2853435,86.07,0,6.93E-06,10.37,7.379,7.984,7.193,4340,0.6,0.61,1043.5,0.0586,1.2648,2457738.826
4079,K2-24,c,K2-24 c,42.3391,0.247,0.669,0.04845,242.5734559,-24.9906029,89.76,0.07,0.0012,11.275,9.294,9.635,9.18,5625,1.16,1.07,560,0.4372,6.498,2456915.449
4080,K2-24,b,K2-24 b,20.88977,0.154,0.482,0.05978,242.5734559,-24.9906029,89.25,0.06,0.00034,11.275,9.294,9.635,9.18,5625,1.16,1.07,709,0.2213,5.49792,2456905.886
4095,K2-167,b,K2-167 b,9.977481,,0.252,0.0262,336.5761233,-18.011665,88.604,,0.001039,8.24,6.974,7.202,6.887,5908,1.83,1.02,,0.0275,3.27,2456979.937
4102,K2-265,b,K2-265 b,2.369172,0.03376,0.153,0.02058,342.0316493,-14.4947789,87.7,0.084,8.90E-05,11.187,9.312,9.726,9.259,5477,0.98,0.92,,0.03194,2.266,2456981.643
4121,K2-116,b,K2-116 b,4.655411,0.048,0.062,0.00081,336.1523363,-11.5793181,89.09,0.06,0.000486,10.8,8.020001,8.597,7.875,4348.35,0.67,0.69,,0.0129,1.89,2456979.948
4124,K2-65,b,K2-65 b,12.6475,0.1014,0.141,0.00982,333.2125206,-10.9261373,89.148,,0.0013,10.71,8.457,8.967,8.344,5213,0.84,0.87,,0.0391,3.43,2456986.33
4135,K2-39,b,K2-39 b,4.60543,0.05708,0.56,0.09,338.3682095,-9.0229405,80.39,0,0.00046,10.831,8.594,9.082,8.516,4881,2.97,0.66,1670,0.037,8.184,2456980.824
4205,K2-277,b,K2-277 b,6.326763,0.0675,0.185,0.0155,202.0161895,-15.9379749,88.686,,0.000355,10.364,8.748,9.081,8.687,5741,0.97,1.02,958,0.045,1.944,2457221.23
4210,K2-190,b,K2-190 b,10.098858,,0.121,0.00758,205.3630485,-13.1608686,88.357,,0.000619,11.138,9.447,9.834,9.41,5631,0.91,0.9,,0.00731,4.224,2457224.768
4228,K2-198,c,K2-198 c,3.3596055,,0.127,0.00822,198.8436817,-6.4649888,86.494,,4.00E-06,10.971,9.313,9.741,9.228,5212.9,0.76,0.8,1229.9,0.018,1.42008,2457215.032
4229,K2-198,d,K2-198 d,7.4500177,,0.218,0.0205,198.8436817,-6.4649888,89.86,,5.20E-06,10.971,9.313,9.741,9.228,5212.9,0.76,0.8,943.2,0.1082,3.0024,2457213.576
4230,K2-198,b,K2-198 b,17.0428683,,0.374,0.0514,198.8436817,-6.4649888,88.904,,7.10E-06,10.971,9.313,9.741,9.228,5212.9,0.76,0.8,715.8,0.2737,2.9592,2457204.569