,pl_hostname,pl_letter,pl_name,pl_discmethod,pl_controvflag,pl_pnum,pl_orbper,pl_orbpererr1,pl_orbpererr2,pl_orbperlim,pl_orbsmax,pl_orbsmaxerr1,pl_orbsmaxerr2,pl_orbsmaxlim,pl_orbeccen,pl_orbeccenerr1,pl_orbeccenerr2,pl_orbeccenlim,pl_orbincl,pl_orbinclerr1,pl_orbinclerr2,pl_orbincllim,pl_bmassj,pl_bmassjerr1,pl_bmassjerr2,pl_bmassjlim,pl_bmassprov,pl_radj,pl_radjerr1,pl_radjerr2,pl_radjlim,pl_dens,pl_denserr1,pl_denserr2,pl_denslim,pl_ttvflag,pl_kepflag,pl_k2flag,ra_str,ra,dec_str,dec,st_dist,st_disterr1,st_disterr2,st_distlim,gaia_dist,gaia_disterr1,gaia_disterr2,gaia_distlim,st_optmag,st_optmagerr,st_optmaglim,gaia_gmag,gaia_gmagerr,gaia_gmaglim,st_teff,st_tefferr1,st_tefferr2,st_tefflim,st_mass,st_masserr1,st_masserr2,st_masslim,st_rad,st_raderr1,st_raderr2,st_radlim,rowupdate,pl_tranflag,pl_masse,pl_masseerr1,pl_masseerr2,pl_masselim,pl_trandur,pl_trandurerr1,pl_trandurerr2,pl_trandurlim,pl_tranmid,pl_tranmiderr1,pl_tranmiderr2,pl_tranmidlim,pl_imppar,pl_impparerr1,pl_impparerr2,pl_impparlim,pl_facility,st_j,st_jerr,st_jlim,st_h,st_herr,st_hlim,dec_str_deg
164,HIP 116454,b,HIP 116454 b,Transit,0,1,9.1205,0.0005,-0.0005,0.0,,,,,0.2,0.07,-0.07,0.0,88.43,0.4,-0.4,0.0,0.04,0.01,-0.01,0.0,Mass,0.22,0.01,-0.01,0.0,,,,,0,0,1,23h35m49.28s,353.955353,+00d26m43.9s,0.44551599999999997,62.56,0.18,-0.18,0.0,62.56,0.18,-0.18,0.0,10.19,0.009000000000000001,0.0,9.932,,0.0,5089.0,50.0,-50.0,0.0,0.81,0.11,-0.11,0.0,0.72,0.02,-0.02,0.0,2018-04-26,1,12.7132,3.1783,-3.1783,0.0,,,,,,,,,,,,,K2,8.604,0.021,0.0,8.14,0.033,0.0,0.4455277777777778
170,K2-3,b,K2-3 b,Transit,0,3,10.054626,1e-05,-1.1e-05,0.0,,,,,0.0,,,0.0,89.588,0.11599999999999999,-0.1,0.0,0.020390000000000002,0.0031100000000000004,-0.00293,0.0,Mass,,,,,3.7,1.67,-1.08,0.0,0,0,1,11h29m20.39s,172.334946,-01d27m17.2s,-1.454787,45.0,3.0,-3.0,0.0,44.13,0.11,-0.11,0.0,12.17,0.01,0.0,11.478,,0.0,3896.0,189.0,-189.0,0.0,0.6,0.09,-0.09,0.0,0.56,0.07,-0.07,0.0,2020-05-07,1,6.48,0.99,-0.93,0.0,,,,,2456813.41843,0.00041,-0.00041,0.0,0.22,0.05,-0.06,0.0,K2,9.421,0.027000000000000003,0.0,8.805,0.044000000000000004,0.0,-0.5452222222222223
171,K2-3,c,K2-3 c,Transit,0,3,24.646582,4.1e-05,-4e-05,0.0,,,,,0.0,,,0.0,89.905,0.066,-0.08800000000000001,0.0,0.00673,0.0034,-0.0032700000000000003,0.0,Mass,,,,,2.98,1.96,-1.5,0.0,0,0,1,11h29m20.39s,172.334946,-01d27m17.2s,-1.454787,45.0,3.0,-3.0,0.0,44.13,0.11,-0.11,0.0,12.17,0.01,0.0,11.478,,0.0,3896.0,189.0,-189.0,0.0,0.6,0.09,-0.09,0.0,0.56,0.07,-0.07,0.0,2020-05-07,1,2.14,1.08,-1.04,0.0,,,,,2456812.28018,0.00098,-0.001,0.0,0.09,0.08,-0.06,0.0,K2,9.421,0.027000000000000003,0.0,8.805,0.044000000000000004,0.0,-0.5452222222222223
172,K2-3,d,K2-3 d,Transit,0,3,44.55646,0.00011,-0.0001,0.0,,,,,0.0,,,0.0,89.788,0.033,-0.028999999999999998,0.0,0.00881,,,0.0,Mass,,,,,5.62,,,0.0,0,0,1,11h29m20.39s,172.334946,-01d27m17.2s,-1.454787,45.0,3.0,-3.0,0.0,44.13,0.11,-0.11,0.0,12.17,0.01,0.0,11.478,,0.0,3896.0,189.0,-189.0,0.0,0.6,0.09,-0.09,0.0,0.56,0.07,-0.07,0.0,2020-05-07,1,2.8,,,0.0,,,,,2456826.22346,0.00056,-0.00056,0.0,0.3,0.04,-0.05,0.0,K2,9.421,0.027000000000000003,0.0,8.805,0.044000000000000004,0.0,-0.5452222222222223
580,GJ 1214,b,GJ 1214 b,Transit,0,1,1.58040456,1.6e-07,-1.6e-07,0.0,0.01411,0.00032,-0.00032,0.0,,,,,88.17,0.54,-0.54,0.0,0.0197,0.0027,-0.0027,0.0,Mass,0.254,0.018000000000000002,-0.018000000000000002,0.0,1.49,0.33,-0.33,0.0,0,0,0,17h15m18.92s,258.828837,+04d57m50.1s,4.96392,14.65,0.04,-0.04,0.0,14.65,0.04,-0.04,0.0,15.1,0.6,0.0,13.009,,0.0,3026.0,150.0,-150.0,0.0,0.15,0.01,-0.01,0.0,0.22,0.01,-0.01,0.0,2015-12-03,1,6.26125,0.85814,-0.85814,0.0,,,,,2455320.5357330004,2.1e-05,-2.1e-05,0.0,,,,,MEarth Project,9.75,0.024,0.0,9.094,0.024,0.0,4.963916666666667
1458,WASP-126,b,WASP-126 b,Transit,0,2,3.28883,3.71e-05,-3.71e-05,0.0,,,,,,,,,89.51,0.435,-0.435,0.0,0.28411,,,0.0,Mass,,,,,,,,,1,0,0,04h13m29.73s,63.373865,-69d13m36.5s,-69.226807,234.0,15.0,-15.0,0.0,217.89,0.94,-0.94,0.0,10.8,0.5,0.0,11.065999999999999,,0.0,5800.0,,,0.0,1.12,,,0.0,1.27,,,0.0,2019-12-05,1,90.3,,,0.0,,,,,,,,,,,,,SuperWASP-South,9.962,0.017,0.0,9.658999999999999,0.021,0.0,-68.77319444444444
1644,GJ 1132,b,GJ 1132 b,Transit,0,2,1.628931,2.7e-05,-2.7e-05,0.0,0.0153,0.0005,-0.0005,0.0,0.22,,,0.0,,,,0.0,0.005220000000000001,0.00072,-0.00072,0.0,Mass,0.10099999999999999,0.005,-0.005,0.0,6.3,1.3,-1.3,0.0,0,0,0,10h14m51.78s,153.71573700000002,-47d09m24.2s,-47.156727000000004,12.62,0.01,-0.01,0.0,12.62,0.01,-0.01,0.0,13.49,0.03,0.0,12.138,,0.0,3270.0,140.0,-140.0,0.0,0.18,0.02,-0.02,0.0,0.21,0.01,-0.01,0.0,2020-06-04,1,1.66,0.23,-0.23,0.0,,,,0.0,,,,0.0,,,,0.0,Cerro Tololo Inter-American Observatory,9.245,0.026000000000000002,0.0,8.666,0.031,0.0,-46.84327777777778
1647,K2-24,b,K2-24 b,Transit,0,2,20.88977,0.00034,-0.00035,0.0,,,,,0.06,0.01,-0.01,0.0,,,,,0.05977999999999999,0.00692,-0.0066099999999999996,0.0,Mass,0.48200000000000004,0.018000000000000002,-0.018000000000000002,0.0,0.64,0.12,-0.1,0.0,1,0,1,16h10m17.69s,242.573715,-24d59m25.2s,-24.990332000000002,171.39,1.35,-1.35,0.0,171.39,1.35,-1.35,0.0,11.07,0.11,0.0,10.907,,0.0,5625.0,60.0,-60.0,0.0,1.07,0.06,-0.06,0.0,1.16,0.04,-0.04,0.0,2018-12-13,1,19.0,2.2,-2.1,0.0,,,,,2456905.8855,0.0055,-0.0053,0.0,,,,,K2,9.635,0.024,0.0,9.294,0.021,0.0,-23.009666666666664
1648,K2-24,c,K2-24 c,Transit,0,2,42.3391,0.0012,-0.0012,0.0,,,,,0.07,,,1.0,,,,,0.04845,0.00598,-0.00566,0.0,Mass,0.669,0.027000000000000003,-0.027000000000000003,0.0,0.2,0.04,-0.03,0.0,1,0,1,16h10m17.69s,242.573715,-24d59m25.2s,-24.990332000000002,171.39,1.35,-1.35,0.0,171.39,1.35,-1.35,0.0,11.07,0.11,0.0,10.907,,0.0,5625.0,60.0,-60.0,0.0,1.07,0.06,-0.06,0.0,1.16,0.04,-0.04,0.0,2018-12-13,1,15.4,1.9,-1.8,0.0,,,,,2456915.4485,0.0078,-0.0079,0.0,,,,,K2,9.635,0.024,0.0,9.294,0.021,0.0,-23.009666666666664
1737,K2-18,b,K2-18 b,Transit,0,2,32.939623,9.5e-05,-0.0001,0.0,0.1429,0.006,-0.0065,0.0,0.2,0.08,-0.08,0.0,,,,,0.028069999999999998,0.00535,-0.00503,0.0,Mass,0.21100000000000002,0.02,-0.02,0.0,4.11,1.72,-1.18,0.0,0,0,1,11h30m14.51s,172.56045500000002,+07d35m18.2s,7.5883910000000006,38.07,0.08,-0.08,0.0,38.07,0.08,-0.08,0.0,13.495999999999999,0.05,0.0,12.415,,0.0,3457.0,39.0,-39.0,0.0,0.36,0.05,-0.05,0.0,0.41,0.04,-0.04,0.0,2019-03-21,1,8.92,1.7,-1.6,0.0,,,,,2457264.3914400004,0.00065,-0.00065,0.0,,,,,K2,9.763,0.027999999999999997,0.0,9.135,0.026000000000000002,0.0,7.588388888888889
1921,KELT-10,b,KELT-10 b,Transit,0,1,4.1662739,6.3e-06,-6.3e-06,0.0,0.0525,0.00086,-0.0009699999999999999,0.0,,,,,88.61,0.86,-0.74,0.0,0.679,0.039,-0.038,0.0,Mass,1.399,0.069,-0.049,0.0,0.308,0.033,-0.04,0.0,0,0,0,18h58m11.61s,284.548373,-47d00m11.7s,-47.003242,183.0,14.0,-14.0,0.0,189.39,2.16,-2.16,0.0,10.854000000000001,0.043,0.0,10.700999999999999,,0.0,5948.0,74.0,-74.0,0.0,1.11,0.06,-0.06,0.0,1.21,0.05,-0.04,0.0,2016-04-28,1,215.80657000000002,12.39537,-12.077539999999999,0.0,0.156,0.0016,-0.0012,0.0,2457066.72045,0.00027,-0.00027,0.0,0.23,0.11,-0.14,0.0,KELT-South,9.693,0.019,0.0,9.388,0.022000000000000002,0.0,-46.99675
2619,K2-39,b,K2-39 b,Transit,0,1,4.60543,0.00046,-0.00046,0.0,,,,,0.0,,,0.0,80.39,4.19,-4.19,0.0,0.09,0.05,-0.05,0.0,Mass,0.56,0.15,-0.15,0.0,,,,,0,0,1,22h33m28.41s,338.368378,-09d01m22.0s,-9.022769,310.14,4.7,-4.7,0.0,310.14,4.7,-4.7,0.0,10.83,0.08,0.0,10.595999999999998,,0.0,4881.0,20.0,-20.0,0.0,0.66,0.56,-0.56,0.0,2.97,0.77,-0.77,0.0,2018-04-26,1,28.6047,15.8915,-15.8915,0.0,,,,,,,,,,,,,K2,9.082,0.024,0.0,8.594,0.042,0.0,-8.977222222222222
2642,K2-38,b,K2-38 b,Transit,0,2,4.01593,0.0005,-0.0005,0.0,,,,,,,,,87.28,2.48,-2.48,0.0,0.06,0.03,-0.03,0.0,Mass,0.17,0.03,-0.03,0.0,,,,,0,0,1,16h00m08.06s,240.03358500000002,-23d11m21.4s,-23.189287,193.71,2.64,-2.64,0.0,193.71,2.64,-2.64,0.0,11.39,0.03,0.0,11.184000000000001,,0.0,5757.0,60.0,-60.0,0.0,2.24,1.67,-1.67,0.0,1.38,0.21,-0.21,0.0,2018-04-26,1,19.0698,9.5349,-9.5349,0.0,,,,,,,,,,,,,K2,9.911,0.024,0.0,9.6,0.026000000000000002,0.0,-22.81072222222222
2643,K2-38,c,K2-38 c,Transit,0,2,10.56103,0.0009,-0.0009,0.0,0.0964,0.0016,-0.0016,0.0,,,,,88.61,1.0,-1.67,0.0,0.03115,0.014469999999999998,-0.014469999999999998,0.0,Mass,0.21600000000000003,0.026000000000000002,-0.026000000000000002,0.0,3.6,2.7,-1.9,0.0,0,0,1,16h00m08.06s,240.03358500000002,-23d11m21.4s,-23.189287,193.71,2.64,-2.64,0.0,193.71,2.64,-2.64,0.0,11.39,0.03,0.0,11.184000000000001,,0.0,5757.0,60.0,-60.0,0.0,2.24,1.67,-1.67,0.0,1.38,0.21,-0.21,0.0,2016-07-07,1,9.9,4.6,-4.6,0.0,0.10554169999999999,0.013,-0.006,0.0,2456900.4752,0.0033,-0.0033,0.0,0.64,0.23,-0.41,0.0,K2,9.911,0.024,0.0,9.6,0.026000000000000002,0.0,-22.81072222222222
2658,GJ 9827,b,GJ 9827 b,Transit,0,3,1.2089819,6.93e-06,-7.14e-06,0.0,0.0188,0.0002,-0.00014,0.0,0.0,,,0.0,86.07,0.41,-0.34,0.0,0.01545,0.0015400000000000001,-0.0015400000000000001,0.0,Mass,0.141,0.002,-0.003,0.0,6.93,0.82,-0.76,0.0,0,0,1,23h27m04.83s,351.77014199999996,-01d17m10.6s,-1.286273,29.69,0.05,-0.05,0.0,29.69,0.05,-0.05,0.0,10.25,0.138,0.0,9.838,,0.0,4340.0,40.0,-53.0,0.0,0.61,0.02,-0.01,0.0,0.6,0.01,-0.0,0.0,2019-08-29,1,4.91,0.49,-0.49,0.0,0.0527,0.00093,-0.0008300000000000001,0.0,2457738.8258599997,0.00026000000000000003,-0.00026000000000000003,0.0,0.4602,0.0352,-0.0443,0.0,K2,7.984,0.02,0.0,7.379,0.042,0.0,-0.7137222222222223
2659,GJ 9827,c,GJ 9827 c,Transit,0,3,3.6480957,6.33e-05,-6.21e-05,0.0,0.03925,0.00042,-0.00029,0.0,0.0,,,0.0,88.19,0.21,-0.18,0.0,0.00264,,,0.0,Mass,0.111,0.002,-0.002,0.0,2.42,,,0.0,0,0,1,23h27m04.83s,351.77014199999996,-01d17m10.6s,-1.286273,29.69,0.05,-0.05,0.0,29.69,0.05,-0.05,0.0,10.25,0.138,0.0,9.838,,0.0,4340.0,40.0,-53.0,0.0,0.61,0.02,-0.01,0.0,0.6,0.01,-0.0,0.0,2019-08-29,1,0.84,,,0.0,0.07604,0.0015400000000000001,-0.0015400000000000001,0.0,2457742.1993,0.00072,-0.00073,0.0,0.4428,0.0415,-0.0483,0.0,K2,7.984,0.02,0.0,7.379,0.042,0.0,-0.7137222222222223
2660,GJ 9827,d,GJ 9827 d,Transit,0,3,6.2014698,6.26e-05,-6.11e-05,0.0,0.05591,0.00059,-0.00041,0.0,0.0,,,0.0,87.443,0.045,-0.045,0.0,0.012709999999999999,0.0025800000000000003,-0.00264,0.0,Mass,0.18,0.004,-0.004,0.0,2.69,0.58,-0.57,0.0,0,0,1,23h27m04.83s,351.77014199999996,-01d17m10.6s,-1.286273,29.69,0.05,-0.05,0.0,29.69,0.05,-0.05,0.0,10.25,0.138,0.0,9.838,,0.0,4340.0,40.0,-53.0,0.0,0.61,0.02,-0.01,0.0,0.6,0.01,-0.0,0.0,2019-08-29,1,4.04,0.82,-0.84,0.0,0.05095,0.00147,-0.00122,0.0,2457740.96115,0.00044,-0.00045,0.0,0.8927,0.0071,-0.009,0.0,K2,7.984,0.02,0.0,7.379,0.042,0.0,-0.7137222222222223
2820,WASP-127,b,WASP-127 b,Transit,0,1,4.178062,2e-06,-2e-06,0.0,0.052,0.0005,-0.0005,0.0,,,,,88.7,0.8,-0.6,0.0,0.18,0.02,-0.02,0.0,Mass,1.37,0.04,-0.04,0.0,0.09,0.013,-0.013,0.0,0,0,0,10h42m14.08s,160.55867,-03d50m06.2s,-3.835064,102.0,12.0,-12.0,0.0,160.23,1.2,-1.2,0.0,10.15,,0.0,10.054,,0.0,5620.0,85.0,-85.0,0.0,1.08,0.03,-0.03,0.0,1.39,0.03,-0.03,0.0,2016-12-01,1,57.2094,6.3566,-6.3566,0.0,0.1795,0.0007,-0.0007,0.0,2457248.74131,0.00016,-0.00016,0.0,0.15,0.09,-0.11,0.0,SuperWASP,9.092,0.023,0.0,8.738,0.053,0.0,-2.164944444444444
2829,WASP-107,b,WASP-107 b,Transit,0,1,5.72149,2e-06,-2e-06,0.0,0.055,0.001,-0.001,0.0,0.0,,,0.0,89.7,0.2,-0.2,0.0,0.12,0.01,-0.01,0.0,Mass,0.94,0.02,-0.02,0.0,0.19,0.03,-0.03,0.0,0,0,0,12h33m32.85s,188.38687099999999,-10d08m46.1s,-10.146149000000001,64.86,0.26,-0.26,0.0,64.86,0.26,-0.26,0.0,11.470999999999998,0.196,0.0,11.174000000000001,,0.0,4430.0,120.0,-120.0,0.0,0.69,0.05,-0.05,0.0,0.66,0.02,-0.02,0.0,2017-08-17,1,38.1396,3.1783,-3.1783,0.0,0.1147,0.0003,-0.0003,0.0,2456514.4106,0.0001,-0.0001,0.0,0.09,0.07,-0.07,0.0,SuperWASP-South,9.378,0.021,0.0,8.777000000000001,0.026000000000000002,0.0,-9.853861111111112
2889,WASP-74,b,WASP-74 b,Transit,0,1,2.13775,1e-06,-1e-06,0.0,,,,,0.0,,,0.0,79.81,0.24,-0.24,0.0,0.72,0.12,-0.12,0.0,Mass,1.36,0.1,-0.1,0.0,,,,,0,0,0,20h18m09.32s,304.538823,-01d04m32.4s,-1.075676,149.85,1.14,-1.14,0.0,149.85,1.14,-1.14,0.0,9.7,,0.0,9.572000000000001,,0.0,5990.0,110.0,-110.0,0.0,0.98,0.24,-0.24,0.0,1.42,0.1,-0.1,0.0,2018-04-26,1,228.8376,38.1396,-38.1396,0.0,,,,,,,,,,,,,SuperWASP,8.548,0.033,0.0,8.286,0.011000000000000001,0.0,-0.9243333333333333
3079,WASP-20,b,WASP-20 b,Transit,0,1,4.8996284,3.3e-06,-3.3e-06,0.0,0.06,0.0006900000000000001,-0.0006900000000000001,0.0,0.0,,,0.0,85.56,0.22,-0.22,0.0,0.311,0.017,-0.017,0.0,Mass,1.462,0.059000000000000004,-0.059000000000000004,0.0,0.132,0.016,-0.016,0.0,0,0,0,00h20m38.53s,5.160558999999999,-23d56m08.6s,-23.935728,210.0,20.0,-20.0,0.0,,,,,10.68,,0.0,10.65,,0.0,5940.0,100.0,-100.0,0.0,1.2,0.04,-0.04,0.0,1.39,0.04,-0.04,0.0,2015-03-05,1,98.841,5.403,-5.403,0.0,0.1418,0.0014,-0.0014,0.0,2455715.65562,0.00029,-0.00029,0.0,0.718,0.018,-0.018,0.0,SuperWASP,9.701,0.017,0.0,9.417,0.02,0.0,-22.06427777777778
3087,WASP-29,b,WASP-29 b,Transit,0,1,3.92273,4e-06,-4e-06,0.0,,,,,0.03,0.04,-0.04,0.0,88.8,0.7,-0.7,0.0,0.23,0.05,-0.05,0.0,Mass,0.77,0.07,-0.07,0.0,,,,,0,0,0,23h51m31.09s,357.87953799999997,-39d54m24.2s,-39.906719,87.82,0.31,-0.31,0.0,87.82,0.31,-0.31,0.0,,,,10.892999999999999,,0.0,4800.0,150.0,-150.0,0.0,0.77,0.25,-0.25,0.0,0.79,0.07,-0.07,0.0,2018-04-26,1,73.1009,15.8915,-15.8915,0.0,,,,,,,,,,,,,SuperWASP,9.353,0.021,0.0,8.875,0.019,0.0,-38.09327777777778
3091,WASP-34,b,WASP-34 b,Transit,0,1,4.31768,5e-06,-5e-06,0.0,,,,,0.04,0.01,-0.01,0.0,85.2,0.2,-0.2,0.0,0.56,0.17,-0.17,0.0,Mass,1.0,0.08,-0.08,0.0,,,,,0,0,0,11h01m35.89s,165.399561,-23d51m38.3s,-23.860636,132.59,0.85,-0.85,0.0,132.59,0.85,-0.85,0.0,10.4,,0.0,10.205,,0.0,5700.0,100.0,-100.0,0.0,0.96,0.45,-0.45,0.0,0.91,0.08,-0.08,0.0,2018-04-26,1,177.9848,54.0311,-54.0311,0.0,,,,,,,,,,,,,SuperWASP,9.172,0.025,0.0,8.842,0.042,0.0,-22.13936111111111
3092,WASP-35,b,WASP-35 b,Transit,0,1,3.16158,2e-06,-2e-06,0.0,,,,,0.0,,,0.0,87.96,0.28,-0.28,0.0,0.71,0.1,-0.1,0.0,Mass,1.3,0.07,-0.07,0.0,,,,,0,0,0,05h04m19.63s,76.08178199999999,-06d13m47.4s,-6.229821,203.39,1.69,-1.69,0.0,203.39,1.69,-1.69,0.0,11.01,0.09,0.0,10.853,,0.0,5990.0,80.0,-80.0,0.0,1.05,0.19,-0.19,0.0,1.08,0.06,-0.06,0.0,2018-04-26,1,225.6593,31.783,-31.783,0.0,,,,,,,,,,,,,SuperWASP,9.887,0.03,0.0,9.597999999999999,0.023,0.0,-5.770166666666666
3223,WASP-63,b,WASP-63 b,Transit,0,1,4.37808,6e-06,-6e-06,0.0,,,,,0.0,,,0.0,87.8,1.3,-1.3,0.0,0.37,0.09,-0.09,0.0,Mass,1.41,0.14,-0.14,0.0,,,,,0,0,0,06h17m20.74s,94.336431,-38d19m23.7s,-38.323257,293.13,2.04,-2.04,0.0,293.13,2.04,-2.04,0.0,11.2,,0.0,10.919,,0.0,5550.0,100.0,-100.0,0.0,1.28,0.42,-0.42,0.0,1.86,0.19,-0.19,0.0,2018-04-26,1,117.5971,28.6047,-28.6047,0.0,,,,,,,,,,,,,SuperWASP,9.818,0.024,0.0,9.463,0.021,0.0,-37.67675
3229,WASP-69,b,WASP-69 b,Transit,0,1,3.86814,2e-06,-2e-06,0.0,,,,,0.0,,,0.0,86.71,0.2,-0.2,0.0,0.29,0.03,-0.03,0.0,Mass,1.11,0.04,-0.04,0.0,,,,,0,0,0,21h00m06.19s,315.025778,-05d05m39.9s,-5.094404,50.03,0.13,-0.13,0.0,50.03,0.13,-0.13,0.0,9.87,0.03,0.0,9.485,,0.0,4700.0,50.0,-50.0,0.0,0.98,0.14,-0.14,0.0,0.86,0.03,-0.03,0.0,2018-04-26,1,92.1707,9.5349,-9.5349,0.0,,,,,,,,,,,,,SuperWASP,8.032,0.015,0.0,7.542999999999999,0.017,0.0,-4.905583333333333
3230,WASP-70 A,b,WASP-70 A b,Transit,0,1,3.7130203,4.7e-06,-4.7e-06,0.0,0.048530000000000004,0.00062,-0.00062,0.0,0.0,,,0.0,87.12,1.24,-0.65,0.0,0.59,0.022,-0.022,0.0,Mass,1.1640000000000001,0.073,-0.102,0.0,0.499,0.138,-0.08,0.0,0,0,0,21h01m54.47s,315.476951,-13d25m59.6s,-13.433218,245.0,20.0,-20.0,0.0,223.73,2.87,-2.87,0.0,10.79,0.08,0.0,11.032,,0.0,5763.0,79.0,-79.0,0.0,1.11,0.04,-0.04,0.0,1.22,0.06,-0.09,0.0,2014-10-15,1,187.512,6.992,-6.992,0.0,0.1389,0.0014,-0.0019,0.0,2455736.50348,0.00027,-0.00027,0.0,0.431,0.076,-0.169,0.0,SuperWASP,9.996,0.032,0.0,9.714,0.043,0.0,-12.566777777777778
3291,WASP-80,b,WASP-80 b,Transit,0,1,3.06785234,8.3e-07,-7.9e-07,0.0,0.0344,0.001,-0.0011,0.0,0.002,0.01,-0.002,0.0,89.02,0.11,-0.1,0.0,0.538,0.035,-0.036,0.0,Mass,0.9990000000000001,0.03,-0.031,0.0,0.717,0.039,-0.032,0.0,0,0,0,20h12m40.18s,303.16740699999997,-02d08m39.1s,-2.1442080000000003,49.86,0.12,-0.12,0.0,49.86,0.12,-0.12,0.0,11.87,,0.0,11.273,,0.0,4143.0,92.0,-94.0,0.0,0.58,0.05,-0.05,0.0,0.59,0.02,-0.02,0.0,2015-04-16,1,170.99254,11.12405,-11.441880000000001,0.0,0.08879169999999999,0.00012919999999999997,-0.00014169999999999997,0.0,2456487.4250060003,2.3e-05,-2.5e-05,0.0,0.215,0.02,-0.022,0.0,SuperWASP,9.218,0.019,0.0,8.513,0.021,0.0,-1.8558055555555555
3293,WASP-84,b,WASP-84 b,Transit,0,1,8.5234865,7e-06,-7e-06,0.0,0.0771,0.0012,-0.0012,0.0,0.0,,,0.0,88.368,0.05,-0.05,0.0,0.694,0.028,-0.028,0.0,Mass,0.9420000000000001,0.022000000000000002,-0.022000000000000002,0.0,1.104,0.064,-0.064,0.0,0,0,0,08h44m25.70s,131.107099,+01d51m36.1s,1.8600330000000003,125.0,20.0,-20.0,0.0,100.88,0.49,-0.49,0.0,10.83,0.08,0.0,10.575,,0.0,5314.0,88.0,-88.0,0.0,0.84,0.04,-0.04,0.0,0.75,0.01,-0.01,0.0,2014-10-15,1,220.565,8.899,-8.899,0.0,0.11452000000000001,0.00045999999999999996,-0.00045999999999999996,0.0,2454286.10583,9e-05,-9e-05,0.0,0.632,0.012,-0.012,0.0,SuperWASP,9.346,0.023,0.0,8.956,0.022000000000000002,0.0,1.8600277777777778
3574,HD 86226,c,HD 86226 c,Transit,0,2,3.98442,0.00018,-0.00018,0.0,0.049,0.001,-0.001,0.0,0.075,0.065,-0.048,0.0,86.45,0.26,-0.16,0.0,0.02281,0.00374,-0.00352,0.0,Mass,0.193,0.006999999999999999,-0.006999999999999999,0.0,3.97,0.78,-0.73,0.0,0,0,0,09h56m29.85s,149.124359,-24d05m57.8s,-24.09939,45.57,0.12,-0.12,0.0,45.74,0.1,-0.1,0.0,7.932,0.013000000000000001,0.0,7.771,,0.0,5863.0,88.0,-88.0,0.0,1.02,0.06,-0.07,0.0,1.05,0.03,-0.03,0.0,2020-08-13,1,7.25,1.19,-1.12,0.0,0.13,0.005,-0.0020833,0.0,2458543.2539,0.0007,-0.0007,0.0,0.63,0.06,-0.08,0.0,Transiting Exoplanet Survey Satellite (TESS),6.8389999999999995,0.019,0.0,6.577000000000001,0.034,0.0,-23.90061111111111
3616,WASP-156,b,WASP-156 b,Transit,0,1,3.836169,3e-06,-3e-06,0.0,0.0453,0.0009,-0.0009,0.0,0.007,,,1.0,89.1,0.6,-0.9,0.0,0.128,0.01,-0.009,0.0,Mass,0.51,0.02,-0.02,0.0,1.3,0.1,-0.1,0.0,0,0,0,02h11m07.61s,32.781708,+02d25m04.8s,2.418,140.0,25.0,-25.0,0.0,122.49,0.64,-0.64,0.0,11.6,,0.0,11.323,,0.0,4910.0,61.0,-61.0,0.0,0.84,0.05,-0.05,0.0,0.76,0.03,-0.03,0.0,2017-10-26,1,40.68224,3.1783,-2.8604700000000003,0.0,0.1004167,0.0016667000000000001,-0.00125,0.0,2454677.707,0.002,-0.002,0.0,,,,,SuperWASP,9.906,0.018000000000000002,0.0,9.472999999999999,0.021,0.0,2.4179999999999997
3629,K2-266,b,K2-266 b,Transit,0,4,0.658524,1.7e-05,-1.7e-05,0.0,0.013059999999999999,0.0002,-0.00021,0.0,,,,,75.32,0.62,-0.7,0.0,0.03545,0.03578,-0.03578,0.0,Msin(i)/sin(i),0.294,0.161,-0.11599999999999999,0.0,1.77,1.9,-0.88,0.0,0,0,1,10h31m44.51s,157.93544,+00d56m15.3s,0.9375709999999999,77.16,0.6,-0.59,0.0,77.73,0.36,-0.36,0.0,11.808,0.02,0.0,11.353,,0.0,4285.0,49.0,-57.0,0.0,0.69,0.03,-0.03,0.0,0.7,0.02,-0.02,0.0,2018-10-26,1,,,,,0.013890000000000001,0.0012,-0.00085,0.0,2457949.6747,0.0032,-0.0032,0.0,1.011,0.027,-0.024,0.0,K2,9.611,0.027000000000000003,0.0,9.041,0.023,0.0,0.9375833333333333
3630,K2-266,c,K2-266 c,Transit,0,4,7.814,0.0019,-0.0016,0.0,0.0679,0.0011,-0.0011,0.0,0.042,0.043,-0.03,0.0,88.28,0.81,-0.41,0.0,0.00091,0.00054,-0.00054,0.0,Msin(i)/sin(i),0.063,0.009000000000000001,-0.008,0.0,4.51,0.81,-0.67,0.0,0,0,1,10h31m44.51s,157.93544,+00d56m15.3s,0.9375709999999999,77.16,0.6,-0.59,0.0,77.73,0.36,-0.36,0.0,11.808,0.02,0.0,11.353,,0.0,4285.0,49.0,-57.0,0.0,0.69,0.03,-0.03,0.0,0.7,0.02,-0.02,0.0,2018-10-26,1,,,,,0.094,0.016,-0.014,0.0,2457946.651,0.0064,-0.0064,0.0,0.6,0.14,-0.28,0.0,K2,9.611,0.027000000000000003,0.0,9.041,0.023,0.0,0.9375833333333333
3631,K2-266,d,K2-266 d,Transit,0,4,14.697,0.00034,-0.00035,0.0,0.1035,0.0016,-0.0017,0.0,0.047,0.043,-0.032,0.0,89.46,0.32,-0.25,0.0,0.028,0.01793,-0.01196,0.0,Mass,0.261,0.012,-0.011000000000000001,0.0,2.03,0.64,-0.43,0.0,1,0,1,10h31m44.51s,157.93544,+00d56m15.3s,0.9375709999999999,77.16,0.6,-0.59,0.0,77.73,0.36,-0.36,0.0,11.808,0.02,0.0,11.353,,0.0,4285.0,49.0,-57.0,0.0,0.69,0.03,-0.03,0.0,0.7,0.02,-0.02,0.0,2019-07-25,1,8.9,5.7,-3.8,0.0,0.142,0.0014,-0.0015,0.0,2457944.8393,0.0012,-0.0012,0.0,0.29,0.12,-0.17,0.0,K2,9.611,0.027000000000000003,0.0,9.041,0.023,0.0,0.9375833333333333
3632,K2-266,e,K2-266 e,Transit,0,4,19.482,0.0012,-0.0012,0.0,0.1249,0.0019,-0.002,0.0,0.043,0.036,-0.03,0.0,89.45,0.25,-0.18,0.0,0.044989999999999995,0.02014,-0.01573,0.0,Mass,0.244,0.012,-0.01,0.0,2.21,0.7,-0.47,0.0,1,0,1,10h31m44.51s,157.93544,+00d56m15.3s,0.9375709999999999,77.16,0.6,-0.59,0.0,77.73,0.36,-0.36,0.0,11.808,0.02,0.0,11.353,,0.0,4285.0,49.0,-57.0,0.0,0.69,0.03,-0.03,0.0,0.7,0.02,-0.02,0.0,2019-07-25,1,14.3,6.4,-5.0,0.0,0.1527,0.0014,-0.0015,0.0,2457938.541,0.0013,-0.0013,0.0,0.36,0.1,-0.16,0.0,K2,9.611,0.027000000000000003,0.0,9.041,0.023,0.0,0.9375833333333333
3654,HD 213885,b,HD 213885 b,Transit,0,2,1.008035,2.1e-05,-2e-05,0.0,0.02012,0.00015,-0.00011999999999999999,0.0,0.0,,,0.0,80.09,0.62,-0.5,0.0,0.027780000000000003,0.0020800000000000003,-0.00205,0.0,Mass,0.156,0.005,-0.005,0.0,9.15,1.1,-1.0,0.0,0,0,0,22h35m56.32s,338.98465,-59d51m52.1s,-59.864468,47.97,0.14,-0.14,0.0,48.16,0.1,-0.1,0.0,7.996,0.002,0.0,7.8020000000000005,,0.0,5978.0,50.0,-50.0,0.0,1.07,0.02,-0.02,0.0,1.1,0.01,-0.01,0.0,2019-12-05,1,8.83,0.66,-0.65,0.0,,,,,2458379.9704299998,0.0012,-0.0012,0.0,0.675,0.033,-0.041,0.0,Transiting Exoplanet Survey Satellite (TESS),6.806,0.023,0.0,6.501,0.034,0.0,-58.135527777777774
3666,AU Mic,b,AU Mic b,Transit,0,1,8.46321,4e-05,-4e-05,0.0,0.066,0.007,-0.006,0.0,0.1,0.17,-0.09,0.0,,,,0.0,0.18,,,1.0,Msini,0.375,0.018000000000000002,-0.018000000000000002,0.0,4.4,,,1.0,0,0,0,20h45m09.53s,311.289703,-31d20m27.2s,-31.340899,9.79,0.04,-0.04,0.0,9.72,0.0,-0.0,0.0,8.81,,0.0,7.84,,0.0,3700.0,100.0,-100.0,0.0,0.5,0.03,-0.03,0.0,0.75,0.03,-0.03,0.0,2020-06-24,1,,,,0.0,0.1458333,0.02625,-0.0245833,0.0,2458330.39153,0.0007,-0.0006799999999999999,0.0,0.16,0.14,-0.11,0.0,Transiting Exoplanet Survey Satellite (TESS),5.436,0.017,0.0,4.831,0.016,0.0,-30.659111111111113
3670,L 98-59,b,L 98-59 b,Transit,0,3,2.2531,0.0004,-0.0004,0.0,0.02282,8e-05,-8e-05,0.0,0.12,,,1.0,,,,,0.00318,,,1.0,Mass,0.071,0.004,-0.004,0.0,12.7,,,1.0,0,0,0,08h18m07.62s,124.53175,-68d18m46.80s,-68.313,10.62,0.0,-0.0,0.0,10.62,0.0,-0.0,0.0,11.685,0.017,0.0,10.597999999999999,,0.0,3412.0,49.0,-49.0,0.0,0.31,0.03,-0.03,0.0,0.31,0.01,-0.01,0.0,2020-04-16,1,1.01,,,1.0,,,,,2458366.1708,0.0001,-0.0001,0.0,,,,,Transiting Exoplanet Survey Satellite (TESS),7.933,0.021,0.0,7.359,0.047,0.0,-67.687
3671,L 98-59,c,L 98-59 c,Transit,0,3,3.6904,0.0003,-0.0003,0.0,0.0317,0.0001,-0.0001,0.0,0.07,,,1.0,,,,,0.00761,0.0011,-0.00107,0.0,Mass,0.12,0.006,-0.006,0.0,5.4,1.3,-1.0,0.0,0,0,0,08h18m07.62s,124.53175,-68d18m46.80s,-68.313,10.62,0.0,-0.0,0.0,10.62,0.0,-0.0,0.0,11.685,0.017,0.0,10.597999999999999,,0.0,3412.0,49.0,-49.0,0.0,0.31,0.03,-0.03,0.0,0.31,0.01,-0.01,0.0,2020-04-16,1,2.42,0.35,-0.34,0.0,,,,,2458367.2752,0.0006,-0.0006,0.0,,,,,Transiting Exoplanet Survey Satellite (TESS),7.933,0.021,0.0,7.359,0.047,0.0,-67.687
3672,L 98-59,d,L 98-59 d,Transit,0,3,7.4512,0.0007,-0.0007,0.0,0.0506,0.0002,-0.0002,0.0,0.09,,,1.0,,,,,0.00727,0.00145,-0.0014199999999999998,0.0,Mass,0.14,0.012,-0.012,0.0,3.3,1.3,-0.9,0.0,0,0,0,08h18m07.62s,124.53175,-68d18m46.80s,-68.313,10.62,0.0,-0.0,0.0,10.62,0.0,-0.0,0.0,11.685,0.017,0.0,10.597999999999999,,0.0,3412.0,49.0,-49.0,0.0,0.31,0.03,-0.03,0.0,0.31,0.01,-0.01,0.0,2020-04-16,1,2.31,0.46,-0.45,0.0,,,,,2458362.7376,0.0009,-0.0009,0.0,,,,,Transiting Exoplanet Survey Satellite (TESS),7.933,0.021,0.0,7.359,0.047,0.0,-67.687
3743,GJ 357,b,GJ 357 b,Transit,0,3,3.93072,8e-05,-6e-05,0.0,0.035,0.002,-0.002,0.0,,,,,89.12,0.37,-0.31,0.0,0.00579,0.00098,-0.00098,0.0,Mass,0.109,0.006999999999999999,-0.006999999999999999,0.0,5.6,1.7,-1.3,0.0,0,0,0,09h36m01.64s,144.006821,-21d39m38.9s,-21.660797,9.44,0.01,-0.01,0.0,9.44,0.01,-0.01,0.0,10.92,0.03,0.0,9.88,,0.0,3505.0,51.0,-51.0,0.0,0.34,0.01,-0.01,0.0,0.34,0.01,-0.01,0.0,2019-08-15,1,1.84,0.31,-0.31,0.0,0.06375,0.005,-0.0045833,0.0,2458517.99862,0.00039,-0.00037999999999999997,0.0,0.34,0.1,-0.14,0.0,Transiting Exoplanet Survey Satellite (TESS),7.337000000000001,0.034,0.0,6.74,0.033,0.0,-20.339194444444445
3748,K2-287,b,K2-287 b,Transit,0,1,14.893291,2.5e-05,-2.5e-05,0.0,0.1206,0.0008,-0.0008,0.0,0.478,0.025,-0.026,0.0,88.13,0.1,-0.08,0.0,0.315,0.027,-0.027,0.0,Mass,0.847,0.013000000000000001,-0.013000000000000001,0.0,,,,,0,0,1,15h32m17.84s,233.074341,-22d21m29.7s,-22.358261,159.05,1.29,-1.29,0.0,159.05,1.29,-1.29,0.0,11.41,0.129,0.0,11.067,,0.0,5695.0,58.0,-58.0,0.0,1.06,0.02,-0.02,0.0,1.07,0.01,-0.01,0.0,2019-01-10,1,100.11645,8.58141,-8.58141,0.0,,,,,2458001.72138,0.00016,-0.00016,0.0,,,,,K2,9.677,0.023,0.0,9.283,0.025,0.0,-21.64175
3756,TOI-1130,c,TOI-1130 c,Transit,0,2,8.350381,3.2e-05,-3.3e-05,0.0,0.07098,0.00056,-0.0006,0.0,0.047,0.04,-0.027,0.0,87.43,0.16,-0.16,0.0,0.974,0.043,-0.044,0.0,Mass,1.5,0.27,-0.22,0.0,0.38,0.24,-0.15,0.0,0,0,0,19h05m30.24s,286.376,-41d26m15.49s,-41.437636,58.36,0.17,-0.17,0.0,58.36,0.17,-0.17,0.0,11.368,,0.0,10.902999999999999,,0.0,4250.0,67.0,-67.0,0.0,0.68,0.02,-0.02,0.0,0.69,0.01,-0.01,0.0,2020-04-02,1,309.56642,13.66669,-13.984520000000002,0.0,0.0841667,0.0018333,-0.0018333,0.0,2458657.9046099996,0.00021,-0.00022,0.0,0.995,0.046,-0.043,0.0,Transiting Exoplanet Survey Satellite (TESS),9.055,0.015,0.0,8.493,0.057,0.0,-40.56236388888889
3811,TOI-125,b,TOI-125 b,Transit,0,3,4.65382,0.00033,-0.00031,0.0,0.05186,0.00086,-0.0007700000000000001,0.0,0.194,0.041,-0.036,0.0,88.92,0.71,-0.6,0.0,0.029889999999999996,0.00277,-0.00277,0.0,Mass,0.243,0.006999999999999999,-0.006999999999999999,0.0,2.57,0.33,-0.33,0.0,0,0,0,01h34m22.735s,23.594729,-66d40m32.95s,-66.67581899999999,111.4,1.3,-1.2,0.0,111.41,0.44,-0.44,0.0,10.892000000000001,0.016,0.0,10.718,,0.0,5320.0,39.0,-39.0,0.0,0.86,0.04,-0.04,0.0,0.85,0.01,-0.01,0.0,2020-02-13,1,9.5,0.88,-0.88,0.0,0.1234,0.0024,-0.0024,0.0,2458355.3552900003,0.001,-0.001,0.0,0.27,0.17,-0.18,0.0,Transiting Exoplanet Survey Satellite (TESS),9.466000000000001,0.017,0.0,9.112,0.024,0.0,-65.32418055555556
3812,TOI-125,c,TOI-125 c,Transit,0,3,9.15059,0.0007,-0.00082,0.0,0.0814,0.0013,-0.0013,0.0,0.066,0.07,-0.047,0.0,88.54,0.41,-0.19,0.0,0.02086,0.0031100000000000004,-0.0031100000000000004,0.0,Mass,0.24600000000000002,0.009000000000000001,-0.009000000000000001,0.0,1.73,0.33,-0.33,0.0,0,0,0,01h34m22.735s,23.594729,-66d40m32.95s,-66.67581899999999,111.4,1.3,-1.2,0.0,111.41,0.44,-0.44,0.0,10.892000000000001,0.016,0.0,10.718,,0.0,5320.0,39.0,-39.0,0.0,0.86,0.04,-0.04,0.0,0.85,0.01,-0.01,0.0,2020-02-13,1,6.63,0.99,-0.99,0.0,0.1231,0.0026,-0.003,0.0,2458361.9085,0.0013,-0.0013,0.0,0.522,0.086,-0.18,0.0,Transiting Exoplanet Survey Satellite (TESS),9.466000000000001,0.017,0.0,9.112,0.024,0.0,-65.32418055555556
3816,K2-292,b,K2-292 b,Transit,0,1,16.9841,0.0008,-0.0008,0.0,0.13,0.01,-0.01,0.0,0.04,0.06,-0.03,0.0,88.4,0.2,-0.3,0.0,0.07708999999999999,0.01384,-0.01384,0.0,Mass,0.235,0.01,-0.009000000000000001,0.0,7.4,1.6,-1.5,0.0,0,0,1,13h41m30.30s,205.376266,-09d56m45.9s,-9.946078,114.29,0.82,-0.81,0.0,114.66,0.82,-0.82,0.0,9.917,0.013000000000000001,0.0,9.756,,0.0,5725.0,65.0,-65.0,0.0,1.0,0.03,-0.03,0.0,1.09,0.03,-0.03,0.0,2019-02-07,1,24.5,4.4,-4.4,0.0,0.1525,0.0029167,-0.0033333,0.0,2458180.2842,0.0017,-0.0015,0.0,0.68,0.06,-0.08,0.0,K2,8.73,0.023,0.0,8.452,0.036000000000000004,0.0,-8.053916666666666
3821,LTT 3780,b,LTT 3780 b,Transit,0,2,0.768448,5.5e-05,-5.3e-05,0.0,0.01211,0.00011999999999999999,-0.00011999999999999999,0.0,0.0,,,0.0,87.1,1.8,-1.7,0.0,0.00824,0.00151,-0.00145,0.0,Mass,0.11900000000000001,0.006,-0.006999999999999999,0.0,6.1,1.8,-1.5,0.0,0,0,0,10h18m34.78s,154.644917,-11d43m04.08s,-11.7178,21.98,0.04,-0.04,0.0,22.0,0.04,-0.04,0.0,13.07,0.015,0.0,11.845999999999998,,0.0,3331.0,157.0,-157.0,0.0,0.4,0.01,-0.01,0.0,0.37,0.01,-0.01,0.0,2020-06-04,1,2.62,0.48,-0.46,0.0,0.0335417,0.0020417,-0.003,0.0,2458543.9115,0.0011,-0.0011,0.0,0.35,0.2,-0.23,0.0,Transiting Exoplanet Survey Satellite (TESS),9.007,0.025,0.0,8.439,0.063,0.0,-10.2822
3822,LTT 3780,c,LTT 3780 c,Transit,0,2,12.2519,0.0028,-0.003,0.0,0.07672999999999999,0.00075,-0.0007700000000000001,0.0,0.06,0.15,-0.14,0.0,89.18,0.47,-0.22,0.0,0.02706,0.00503,-0.00409,0.0,Mass,0.205,0.013999999999999999,-0.013000000000000001,0.0,3.9,1.0,-0.9,0.0,0,0,0,10h18m34.78s,154.644917,-11d43m04.08s,-11.7178,21.98,0.04,-0.04,0.0,22.0,0.04,-0.04,0.0,13.07,0.015,0.0,11.845999999999998,,0.0,3331.0,157.0,-157.0,0.0,0.4,0.01,-0.01,0.0,0.37,0.01,-0.01,0.0,2020-06-04,1,8.6,1.6,-1.3,0.0,0.058,0.0020833,-0.0020417,0.0,2458546.8484,0.0014,-0.0014,0.0,0.65,0.15,-0.36,0.0,Transiting Exoplanet Survey Satellite (TESS),9.007,0.025,0.0,8.439,0.063,0.0,-10.2822
3898,GJ 1252,b,GJ 1252 b,Transit,0,1,0.5182349,6.3e-06,-5e-06,0.0,0.00916,0.0007599999999999999,-0.0007599999999999999,0.0,0.0,,,0.0,85.0,2.1,-1.8,0.0,0.00658,0.00176,-0.00176,0.0,Mass,0.106,0.006999999999999999,-0.006999999999999999,0.0,,,,,0,0,0,20h27m42.06s,306.925235,-56d27m25.2s,-56.456990000000005,20.38,0.02,-0.02,0.0,20.38,0.02,-0.02,0.0,12.193,0.055999999999999994,0.0,11.235999999999999,,0.0,3458.0,140.0,-133.0,0.0,0.38,0.02,-0.02,0.0,0.39,0.02,-0.02,0.0,2020-02-13,1,2.09,0.56,-0.56,0.0,0.030583299999999997,0.00075,-0.0005832999999999999,0.0,2458668.0973900002,0.00032,-0.00029,0.0,0.44,0.12,-0.17,0.0,Transiting Exoplanet Survey Satellite (TESS),8.697000000000001,0.019,0.0,8.161,0.034,0.0,-55.543
3899,L 168-9,b,L 168-9 b,Transit,0,1,1.4015,0.00018,-0.00018,0.0,0.020909999999999998,0.00023999999999999998,-0.00023999999999999998,0.0,0.21,,,1.0,85.5,0.8,-0.7,0.0,0.014469999999999998,0.00176,-0.00176,0.0,Mass,0.124,0.008,-0.008,0.0,9.6,2.4,-1.8,0.0,0,0,0,23h20m07.53s,350.03137200000003,-60d03m54.7s,-60.06518199999999,25.17,0.02,-0.02,0.0,25.17,0.02,-0.02,0.0,11.014000000000001,0.011000000000000001,0.0,10.232000000000001,,0.0,3800.0,70.0,-70.0,0.0,0.62,0.03,-0.03,0.0,0.6,0.02,-0.02,0.0,2020-02-13,1,4.6,0.56,-0.56,0.0,,,,,2458340.04781,0.00088,-0.00122,0.0,,,,,Transiting Exoplanet Survey Satellite (TESS),7.941,0.019,0.0,7.32,0.053,0.0,-59.934805555555556
3900,TOI-125,d,TOI-125 d,Transit,0,3,19.98,0.005,-0.0056,0.0,0.137,0.0022,-0.0022,0.0,0.168,0.088,-0.062,0.0,88.795,0.18,-0.1,0.0,0.042789999999999995,0.0037799999999999995,-0.0037799999999999995,0.0,Mass,0.261,0.015,-0.015,0.0,2.98,0.65,-0.52,0.0,0,0,0,01h34m22.735s,23.594729,-66d40m32.95s,-66.67581899999999,111.4,1.3,-1.2,0.0,111.41,0.44,-0.44,0.0,10.892000000000001,0.016,0.0,10.718,,0.0,5320.0,39.0,-39.0,0.0,0.86,0.04,-0.04,0.0,0.85,0.01,-0.01,0.0,2020-02-13,1,13.6,1.2,-1.2,0.0,0.1297,0.007,-0.0057,0.0,2458342.8516,0.0039,-0.0039,0.0,0.652,0.093,-0.16,0.0,Transiting Exoplanet Survey Satellite (TESS),9.466000000000001,0.017,0.0,9.112,0.024,0.0,-65.32418055555556
3904,HD 221416,b,HD 221416 b,Transit,0,1,14.2767,0.0037,-0.0037,0.0,0.1228,0.0025,-0.0026,0.0,0.115,0.034,-0.03,0.0,85.75,0.36,-0.35,0.0,0.19,0.018,-0.018,0.0,Mass,0.836,0.031,-0.027999999999999997,0.0,0.431,0.064,-0.06,0.0,0,0,0,23h32m08.07s,353.03362999999996,-21d48m05.1s,-21.801424,95.08,0.72,-0.72,0.0,95.8,0.73,-0.73,0.0,8.146,0.013999999999999999,0.0,7.9079999999999995,,0.0,5080.0,90.0,-90.0,0.0,1.21,0.07,-0.07,0.0,2.94,0.06,-0.06,0.0,2019-04-18,1,60.5,5.7,-5.7,0.0,,,,,2458357.0149,0.0025,-0.0026,0.0,0.728,0.04,-0.049,0.0,Transiting Exoplanet Survey Satellite (TESS),6.568,0.02,0.0,6.149,0.045,0.0,-20.198583333333332
3926,LHS 1140,b,LHS 1140 b,Transit,0,2,24.736959,8e-05,-8e-05,0.0,0.0936,0.0024,-0.0024,0.0,0.06,,,1.0,89.89,0.05,-0.03,0.0,0.02196,0.0028,-0.0028,0.0,Mass,0.154,0.003,-0.003,0.0,7.5,1.0,-1.0,0.0,0,0,0,00h44m59.34s,11.24724,-15d16m17.5s,-15.271532,14.99,0.02,-0.02,0.0,14.99,0.02,-0.02,0.0,14.18,0.03,0.0,12.671,,0.0,3216.0,39.0,-39.0,0.0,0.18,0.01,-0.01,0.0,0.21,0.0,-0.0,0.0,2018-12-06,1,6.98,0.89,-0.89,0.0,,,,,2456915.71154,4e-05,-4e-05,0.0,,,,,MEarth Project,9.612,0.023,0.0,9.092,0.026000000000000002,0.0,-14.728472222222221
3929,KELT-11,b,KELT-11 b,Transit,0,1,4.7361,3e-05,-3e-05,0.0,,,,,0.0007,0.002,-0.0005,0.0,85.3,0.2,-0.2,0.0,0.171,0.015,-0.015,0.0,Mass,1.35,0.1,-0.1,0.0,,,,,0,0,0,10h46m49.74s,161.70726000000002,-09d23m56.5s,-9.399025,99.44,0.52,-0.52,0.0,99.44,0.52,-0.52,0.0,8.04,,0.0,7.831,,0.0,5375.0,25.0,-25.0,0.0,1.44,0.07,-0.07,0.0,2.69,0.04,-0.04,0.0,2019-01-10,1,54.34893,4.76745,-4.76745,0.0,0.2974,0.0034,-0.0039,0.0,2457483.431,0.0007,-0.0007,0.0,0.404,0.013,-0.018,0.0,KELT-South,6.6160000000000005,0.024,0.0,6.251,0.042,0.0,-8.600972222222223
3956,GJ 143,b,GJ 143 b,Transit,0,2,35.61253,0.0006,-0.00062,0.0,0.1915,0.0058,-0.0063,0.0,0.188,0.076,-0.078,0.0,89.33,0.15,-0.11,0.0,0.07142000000000001,0.00692,-0.00598,0.0,Mass,0.233,0.015,-0.013999999999999999,0.0,7.0,1.6,-1.3,0.0,0,0,0,03h26m59.22s,51.746769,-63d29m56.8s,-63.4991,16.33,0.01,-0.01,0.0,16.33,0.01,-0.01,0.0,7.87,,0.0,7.678999999999999,,0.0,4640.0,100.0,-100.0,0.0,0.73,0.07,-0.07,0.0,0.69,0.03,-0.03,0.0,2019-04-25,1,22.7,2.2,-1.9,0.0,0.1345833,0.0017082999999999998,-0.0015833,0.0,2458385.92502,0.00054,-0.00055,0.0,0.587,0.097,-0.15,0.0,Transiting Exoplanet Survey Satellite (TESS),6.081,0.02,0.0,5.524,0.031,0.0,-62.50088888888889
3971,GJ 143,c,HD 21749 c,Transit,0,2,7.78993,0.00051,-0.00044,0.0,0.0695,0.0021,-0.0023,0.0,,,,,88.9,0.5,-0.37,0.0,0.011640000000000001,,,1.0,Mass,0.08,0.006,-0.005,0.0,31.93,,,1.0,0,0,0,03h26m59.22s,51.746769,-63d29m56.8s,-63.4991,16.33,0.01,-0.01,0.0,16.33,0.01,-0.01,0.0,7.87,,0.0,7.678999999999999,,0.0,4640.0,100.0,-100.0,0.0,0.73,0.07,-0.07,0.0,0.69,0.03,-0.03,0.0,2019-04-25,1,3.7,,,1.0,0.10479169999999999,0.0032083,-0.0035832999999999998,0.0,2458371.2287,0.0016,-0.0015,0.0,0.42,0.11,-0.18,0.0,Transiting Exoplanet Survey Satellite (TESS),6.081,0.02,0.0,5.524,0.031,0.0,-62.50088888888889
3974,LHS 1140,c,LHS 1140 c,Transit,0,2,3.777931,3e-06,-3e-06,0.0,0.02675,0.0007,-0.0007,0.0,0.31,,,1.0,89.92,0.06,-0.09,0.0,0.00569,0.00123,-0.00123,0.0,Mass,0.114,0.002,-0.002,0.0,4.7,1.1,-1.1,0.0,0,0,0,00h44m59.34s,11.24724,-15d16m17.5s,-15.271532,14.99,0.02,-0.02,0.0,14.99,0.02,-0.02,0.0,14.18,0.03,0.0,12.671,,0.0,3216.0,39.0,-39.0,0.0,0.18,0.01,-0.01,0.0,0.21,0.0,-0.0,0.0,2018-12-06,1,1.81,0.39,-0.39,0.0,,,,,2458226.843169,2.6000000000000002e-05,-2.6000000000000002e-05,0.0,,,,,Multiple Observatories,9.612,0.023,0.0,9.092,0.026000000000000002,0.0,-14.728472222222221
4016,WASP-145 A,b,WASP-145 A b,Transit,0,1,1.7690381,8e-07,-8e-07,0.0,0.0261,0.0005,-0.0005,0.0,0.0,,,0.0,83.3,1.3,-1.3,0.0,0.89,0.04,-0.04,0.0,Mass,0.9,0.4,-0.4,0.0,1.6,1.3,-1.3,0.0,0,0,0,21h29m00.90s,322.253754,-58d50m10.1s,-58.83614,91.54,0.24,-0.24,0.0,91.54,0.24,-0.24,0.0,,,,11.357999999999999,,0.0,4900.0,150.0,-150.0,0.0,0.76,0.04,-0.04,0.0,0.68,0.07,-0.07,0.0,2018-10-26,1,282.8687,12.7132,-12.7132,0.0,0.0407,0.0016,-0.0016,0.0,2456844.1652599997,0.00026000000000000003,-0.00026000000000000003,0.0,0.97,0.09,-0.09,0.0,SuperWASP-South,9.843,0.026000000000000002,0.0,9.292,0.036000000000000004,0.0,-57.16386111111111
4055,TOI-421,b,TOI-421 b,Transit,0,2,5.19672,0.00049,-0.00049,0.0,0.056,0.0018,-0.0018,0.0,0.163,0.082,-0.071,0.0,85.68,0.36,-0.46,0.0,0.02256,0.0020800000000000003,-0.0020800000000000003,0.0,Mass,0.239,0.017,-0.016,0.0,2.05,0.52,-0.41,0.0,0,0,0,05h27m24.83s,81.85345799999999,-14d16m37.05s,-14.276957999999999,74.94,0.58,-0.58,0.0,74.96,0.2,-0.2,0.0,,,,9.777999999999999,,0.0,5325.0,78.0,-58.0,0.0,0.85,0.03,-0.02,0.0,0.87,0.01,-0.01,0.0,2020-10-08,1,7.17,0.66,-0.66,0.0,0.046125,0.0027083000000000003,-0.002625,0.0,2458441.2847,0.002,-0.0018,0.0,0.933,0.016,-0.024,0.0,Transiting Exoplanet Survey Satellite (TESS),8.547,0.011000000000000001,0.0,8.219,0.028999999999999998,0.0,-13.723041666666665
4056,TOI-421,c,TOI-421 c,Transit,0,2,16.06819,0.00035,-0.00035,0.0,0.1189,0.0039,-0.0039,0.0,0.152,0.042,-0.042,0.0,88.353,0.078,-0.084,0.0,0.051660000000000005,0.0033399999999999997,-0.0032700000000000003,0.0,Mass,0.45399999999999996,0.013999999999999999,-0.013000000000000001,0.0,0.685,0.08,-0.072,0.0,0,0,0,05h27m24.83s,81.85345799999999,-14d16m37.05s,-14.276957999999999,74.94,0.58,-0.58,0.0,74.96,0.2,-0.2,0.0,,,,9.777999999999999,,0.0,5325.0,78.0,-58.0,0.0,0.85,0.03,-0.02,0.0,0.87,0.01,-0.01,0.0,2020-10-08,1,16.42,1.06,-1.04,0.0,0.1129167,0.0017917000000000002,-0.0015833,0.0,2458440.13162,0.0007,-0.0006799999999999999,0.0,0.738,0.029,-0.032,0.0,Transiting Exoplanet Survey Satellite (TESS),8.547,0.011000000000000001,0.0,8.219,0.028999999999999998,0.0,-13.723041666666665
4058,GJ 3473,b,GJ 3473 b,Transit,0,2,1.1980035,1.8e-06,-1.9e-06,0.0,0.01589,0.00062,-0.00062,0.0,0.0,,,0.0,87.95,0.47,-0.45,0.0,0.00585,0.0009400000000000001,-0.0009400000000000001,0.0,Mass,0.113,0.004,-0.004,0.0,5.03,1.07,-0.93,0.0,0,0,0,08h02m22.88s,120.595336,+03d20m19.7s,3.3387949999999997,27.39,0.04,-0.04,0.0,27.39,0.04,-0.04,0.0,,,,12.465,,0.0,3347.0,54.0,-54.0,0.0,0.36,0.02,-0.02,0.0,0.36,0.01,-0.01,0.0,2020-10-22,1,1.86,0.3,-0.3,0.0,0.0395833,0.000625,-0.0005832999999999999,0.0,2458492.20408,0.00043,-0.00042,0.0,0.336,0.066,-0.074,0.0,Transiting Exoplanet Survey Satellite (TESS),9.627,0.023,0.0,9.062999999999999,0.021,0.0,3.3388055555555556
4063,LTT 9779,b,LTT 9779 b,Transit,0,1,0.792052,9.3e-06,-9.3e-06,0.0,0.01679,0.00014,-0.00011999999999999999,0.0,0.0,,,0.0,76.39,0.43,-0.43,0.0,0.09225,0.00245,-0.00255,0.0,Mass,0.42100000000000004,0.021,-0.021,0.0,1.536,0.123,-0.123,0.0,0,0,0,23h54m40.21s,358.66754199999997,-37d37m40.5s,-37.627926,80.62,0.32,-0.32,0.0,80.62,0.32,-0.32,0.0,9.758,0.026000000000000002,0.0,9.6,,0.0,5443.0,14.0,-13.0,0.0,0.77,0.29,-0.21,0.0,0.95,0.01,-0.01,0.0,2020-09-24,1,29.32,0.78,-0.81,0.0,,,,0.0,2458354.2143,0.00025,-0.00025,0.0,,,,0.0,Transiting Exoplanet Survey Satellite (TESS),8.446,0.024,0.0,8.152999999999999,0.024,0.0,-36.372083333333336
4064,TOI-763,b,TOI-763 b,Transit,0,2,5.6057,0.0013,-0.0013,0.0,0.06,0.0006,-0.0006,0.0,0.04,0.04,-0.03,0.0,,,,0.0,0.0308,0.00245,-0.00245,0.0,Mass,0.203,0.01,-0.01,0.0,4.51,0.83,-0.66,0.0,0,0,0,12h57m52.45s,194.46854199999999,-39d45m27.71s,-39.757697,95.39,0.45,-0.45,0.0,95.39,0.45,-0.45,0.0,10.156,0.040999999999999995,0.0,9.999,,0.0,5450.0,60.0,-60.0,0.0,0.92,0.03,-0.03,0.0,0.9,0.01,-0.01,0.0,2020-09-24,1,9.79,0.78,-0.78,0.0,,,,0.0,2458572.102,0.0031,-0.0031,0.0,0.51,0.35,-0.35,0.0,Transiting Exoplanet Survey Satellite (TESS),8.857999999999999,0.023,0.0,8.554,0.017,0.0,-38.24230277777778
4065,TOI-763,c,TOI-763 c,Transit,0,2,12.2737,0.0053,-0.0077,0.0,0.1011,0.001,-0.001,0.0,0.04,0.04,-0.03,0.0,,,,0.0,0.02932,0.00321,-0.00321,0.0,Mass,0.235,0.011000000000000001,-0.011000000000000001,0.0,2.82,0.54,-0.47,0.0,0,0,0,12h57m52.45s,194.46854199999999,-39d45m27.71s,-39.757697,95.39,0.45,-0.45,0.0,95.39,0.45,-0.45,0.0,10.156,0.040999999999999995,0.0,9.999,,0.0,5450.0,60.0,-60.0,0.0,0.92,0.03,-0.03,0.0,0.9,0.01,-0.01,0.0,2020-09-24,1,9.32,1.02,-1.02,0.0,,,,0.0,2458572.9661,0.0071,-0.0044,0.0,0.51,0.35,-0.35,0.0,Transiting Exoplanet Survey Satellite (TESS),8.857999999999999,0.023,0.0,8.554,0.017,0.0,-38.24230277777778
4066,TOI-824,b,TOI-824 b,Transit,0,1,1.392978,1.8e-05,-1.7e-05,0.0,0.021769999999999998,0.00032,-0.00032,0.0,,,,0.0,83.65,0.39,-0.38,0.0,0.0581,0.0058,-0.0059,0.0,Mass,0.261,0.018000000000000002,-0.017,0.0,4.03,0.98,-0.78,0.0,0,0,0,14h48m39.71s,222.165458,-57d35m19.92s,-57.58886700000001,63.71,0.2,-0.2,0.0,64.04,0.14,-0.14,0.0,11.152999999999999,0.008,0.0,10.762,,0.0,4600.0,110.0,-100.0,0.0,0.71,0.03,-0.03,0.0,0.69,0.03,-0.03,0.0,2020-09-24,1,18.467,1.843,-1.875,0.0,0.048060000000000005,0.00081,-0.0008,0.0,2458639.60354,0.00035,-0.00035,0.0,0.745,0.022,-0.024,0.0,Transiting Exoplanet Survey Satellite (TESS),9.145,0.006999999999999999,0.0,8.557,0.043,0.0,-56.41113333333333
4070,K2-141,b,K2-141 b,Transit,0,2,0.2803244,1.5e-06,-1.5e-06,0.0,,,,,0.0,,,0.0,86.3,2.7,-3.6,0.0,0.01598,0.0012900000000000001,-0.0012900000000000001,0.0,Mass,0.135,0.004,-0.004,0.0,8.2,1.1,-1.1,0.0,0,0,1,23h23m39.97s,350.916534,-01d11m21.4s,-1.189274,61.98,0.17,-0.17,0.0,61.98,0.17,-0.17,0.0,11.389000000000001,0.14800000000000002,0.0,10.722000000000001,,0.0,4599.0,79.0,-79.0,0.0,0.71,0.03,-0.03,0.0,0.68,0.02,-0.02,0.0,2018-01-18,1,5.08,0.41,-0.41,0.0,,,,,2457744.0716,0.00022,-0.00022,0.0,,,,,K2,9.086,0.021,0.0,8.524,0.053,0.0,-0.8107222222222222
4071,K2-141,c,K2-141 c,Transit,0,2,7.7485,0.00022,-0.00022,0.0,,,,,0.0,,,0.0,87.2,1.6,-2.0,0.0,0.023280000000000002,,,1.0,Mass,0.624,0.41,-0.25,0.0,,,,,0,0,1,23h23m39.97s,350.916534,-01d11m21.4s,-1.189274,61.98,0.17,-0.17,0.0,61.98,0.17,-0.17,0.0,11.389000000000001,0.14800000000000002,0.0,10.722000000000001,,0.0,4599.0,79.0,-79.0,0.0,0.71,0.03,-0.03,0.0,0.68,0.02,-0.02,0.0,2018-01-18,1,7.4,,,1.0,,,,,2457751.1546,0.001,-0.001,0.0,,,,,K2,9.086,0.021,0.0,8.524,0.053,0.0,-0.8107222222222222
4093,HD 219666,b,HD 219666 b,Transit,0,1,6.03607,0.00064,-0.00063,0.0,0.06356,0.00265,-0.00265,0.0,0.0,,,0.0,86.38,0.15,-0.15,0.0,0.05223,0.00409,-0.00409,0.0,Mass,0.42,0.015,-0.015,0.0,0.87,0.12,-0.11,0.0,0,0,0,23h18m13.630s,349.556792,-56d54m13.630s,-56.903786,94.43,0.25,-0.25,0.0,94.43,0.25,-0.25,0.0,,,,9.65,,0.0,5527.0,65.0,-65.0,0.0,0.92,0.03,-0.03,0.0,1.03,0.03,-0.03,0.0,2019-03-05,1,16.6,1.3,-1.3,0.0,0.08991669999999999,0.0014167,-0.0014167,0.0,2458329.1996,0.0012,-0.0012,0.0,0.838,0.012,-0.013,0.0,Transiting Exoplanet Survey Satellite (TESS),8.557,0.011000000000000001,0.0,8.254,0.039,0.0,-55.09621388888889
4094,HD 1397,b,HD 1397 b,Transit,0,1,11.53533,0.00079,-0.0008,0.0,0.1097,0.0011,-0.0013,0.0,0.251,0.02,-0.019,0.0,88.99,0.67,-0.73,0.0,0.415,0.02,-0.02,0.0,Mass,1.026,0.025,-0.027000000000000003,0.0,0.477,0.043,-0.038,0.0,0,0,0,00h17m47.15s,4.446472,-66d21m32.1s,-66.35891,79.75,0.17,-0.17,0.0,79.75,0.17,-0.17,0.0,7.781000000000001,0.011000000000000001,0.0,7.593,,0.0,5521.0,60.0,-60.0,0.0,1.32,0.04,-0.05,0.0,2.34,0.05,-0.06,0.0,2019-07-25,1,131.89945,6.3566,-6.3566,0.0,0.3584,0.0014,-0.0013,0.0,2458332.08261,0.0006,-0.0006,0.0,0.17,0.12,-0.11,0.0,Transiting Exoplanet Survey Satellite (TESS),6.442,0.02,0.0,6.09,0.049,0.0,-65.64108333333334
4123,LTT 1445 A,b,LTT 1445 A b,Transit,0,1,5.35882,0.0003,-0.00031,0.0,0.03807,0.0006799999999999999,-0.0007099999999999999,0.0,0.19,0.35,-0.14,0.0,89.4,0.41,-0.46,0.0,0.00692,0.00535,-0.0066099999999999996,0.0,Mass,0.12300000000000001,0.012,-0.011000000000000001,0.0,4.4,4.0,-4.2,0.0,0,0,0,03h01m51.39s,45.464110999999995,-16d35m36.1s,-16.593372,6.87,0.0,-0.0,0.0,6.87,0.0,-0.0,0.0,11.22,0.02,0.0,10.047,,0.0,3337.0,150.0,-150.0,0.0,0.26,0.01,-0.01,0.0,0.28,0.02,-0.02,0.0,2019-08-15,1,2.2,1.7,-2.1,0.0,0.0574,0.0011,-0.0011,0.0,2458423.4262900003,0.00044,-0.00045,0.0,0.29,0.23,-0.2,0.0,Transiting Exoplanet Survey Satellite (TESS),7.294,0.024,0.0,6.774,0.038,0.0,-15.406638888888889
4197,HD 15337,b,HD 15337 b,Transit,0,2,4.75615,0.00017,-0.00017,0.0,0.0522,0.0012,-0.0012,0.0,0.09,0.05,-0.05,0.0,88.5,0.6,-0.4,0.0,0.02363,0.00343,-0.00318,0.0,Mass,0.146,0.005,-0.005,0.0,9.3,1.81,-1.58,0.0,0,0,0,02h27m28.38s,36.86824,-27d38m06.7s,-27.635206,44.87,0.07,-0.07,0.0,44.87,0.07,-0.07,0.0,9.088,0.018000000000000002,0.0,8.856,,0.0,5125.0,50.0,-50.0,0.0,0.9,0.03,-0.03,0.0,0.86,0.02,-0.02,0.0,2019-05-16,1,7.51,1.09,-1.01,0.0,0.10375,0.0025,-0.0025,0.0,2458411.4615599997,0.0009400000000000001,-0.00119,0.0,0.33,0.09,-0.14,0.0,Transiting Exoplanet Survey Satellite (TESS),7.553,0.019,0.0,7.215,0.034,0.0,-26.364805555555556
4198,HD 15337,c,HD 15337 c,Transit,0,2,17.1784,0.0016,-0.0016,0.0,0.1268,0.0038,-0.0038,0.0,0.05,0.06,-0.04,0.0,88.5,0.2,-0.1,0.0,0.025519999999999998,0.00573,-0.00532,0.0,Mass,0.213,0.011000000000000001,-0.011000000000000001,0.0,3.23,0.9,-0.72,0.0,0,0,0,02h27m28.38s,36.86824,-27d38m06.7s,-27.635206,44.87,0.07,-0.07,0.0,44.87,0.07,-0.07,0.0,9.088,0.018000000000000002,0.0,8.856,,0.0,5125.0,50.0,-50.0,0.0,0.9,0.03,-0.03,0.0,0.86,0.02,-0.02,0.0,2019-05-16,1,8.11,1.82,-1.69,0.0,0.09375,0.0083333,-0.0045833,0.0,2458414.5501,0.0015,-0.0015,0.0,0.87,0.01,-0.02,0.0,Transiting Exoplanet Survey Satellite (TESS),7.553,0.019,0.0,7.215,0.034,0.0,-26.364805555555556
4202,WASP-185,b,WASP-185 b,Transit,0,1,9.38755,2e-05,-2e-05,0.0,0.0904,0.0017,-0.0017,0.0,0.24,0.04,-0.04,0.0,86.8,0.3,-0.3,0.0,0.98,0.06,-0.06,0.0,Mass,1.25,0.08,-0.08,0.0,0.66,0.16,-0.16,0.0,0,0,0,14h16m14.31s,214.059625,-19d32m32.2s,-19.542278,275.0,6.0,-6.0,0.0,281.56,3.43,-3.43,0.0,,,,10.895,,0.0,5900.0,100.0,-100.0,0.0,1.12,0.06,-0.06,0.0,1.5,0.08,-0.08,0.0,2019-10-10,1,311.4734,19.0698,-19.0698,0.0,0.192,0.006,-0.006,0.0,2456935.982,0.002,-0.002,0.0,0.81,0.03,-0.03,0.0,WASP-South,9.873,0.025,0.0,9.601,0.024,0.0,-18.45772222222222
4226,K2-261,b,K2-261 b,Transit,0,1,11.63344,0.00012,-0.00012,0.0,0.102,0.019,-0.02,0.0,0.39,0.15,-0.15,0.0,88.4,1.1,-1.9,0.0,0.223,0.031,-0.031,0.0,Mass,0.85,0.026000000000000002,-0.022000000000000002,0.0,0.483,0.076,-0.081,0.0,0,0,1,10h52m07.78s,163.032425,+00d29m36.1s,0.49335200000000007,214.58,1.97,-1.97,0.0,214.58,1.97,-1.97,0.0,10.612,0.059000000000000004,0.0,10.459000000000001,,0.0,5537.0,71.0,-71.0,0.0,1.1,0.01,-0.02,0.0,1.65,0.04,-0.04,0.0,2018-08-16,1,70.87609,9.852730000000001,-9.852730000000001,0.0,0.213,0.057,-0.029,0.0,2457906.84084,0.00054,-0.00067,0.0,0.27,0.18,-0.18,0.0,K2,9.337,0.03,0.0,8.92,0.042,0.0,0.49336111111111114
4227,K2-265,b,K2-265 b,Transit,0,1,2.369172,8.9e-05,-8.9e-05,0.0,0.033760000000000005,0.00021,-0.00021,0.0,0.084,0.079,-0.079,0.0,87.7,1.6,-1.6,0.0,0.02058,0.00264,-0.00264,0.0,Mass,0.153,0.01,-0.01,0.0,7.1,1.8,-1.8,0.0,0,0,1,22h48m07.57s,342.031525,-14d29m40.9s,-14.494689000000001,139.22,0.98,-0.98,0.0,139.22,0.98,-0.98,0.0,11.102,0.037000000000000005,0.0,10.927999999999999,,0.0,5477.0,27.0,-27.0,0.0,0.92,0.02,-0.02,0.0,0.98,0.05,-0.05,0.0,2018-10-04,1,6.54,0.84,-0.84,0.0,0.09441669999999999,0.0020833,-0.0020833,0.0,2456981.6431,0.0016,-0.0016,0.0,0.3,0.2,-0.2,0.0,K2,9.726,0.026000000000000002,0.0,9.312000000000001,0.022000000000000002,0.0,-13.505305555555557
4259,LHS 1815,b,LHS 1815 b,Transit,0,1,3.81433,3e-05,-3e-05,0.0,0.0404,0.0094,-0.0094,0.0,0.0,,,0.0,88.125,1.113,-1.113,0.0,0.02737,,,1.0,Mass,0.09699999999999999,0.006,-0.006,0.0,,,,,0,0,0,06h04m20.36s,91.084816,-55d18m46.8s,-55.313010999999996,29.87,0.02,-0.02,0.0,29.87,0.02,-0.02,0.0,12.15,0.025,0.0,11.235999999999999,,0.0,3643.0,142.0,-142.0,0.0,0.5,0.01,-0.01,0.0,0.5,0.03,-0.03,0.0,2020-03-19,1,8.7,,,1.0,,,,,2458327.4161,0.0016,-0.0016,0.0,,,,,Transiting Exoplanet Survey Satellite (TESS),8.801,0.024,0.0,8.209,0.047,0.0,-54.687000000000005
4264,HD 95338,b,HD 95338 b,Radial Velocity,0,1,55.087,0.02,-0.02,0.0,0.262,0.002,-0.002,0.0,0.197,0.029,-0.024,0.0,89.57,0.09,-0.05,0.0,0.13352999999999998,0.00698,-0.006540000000000001,0.0,Mass,0.34700000000000003,0.017,-0.018000000000000002,0.0,3.98,0.62,-0.64,0.0,0,0,0,10h59m26.30s,164.859604,-56d37m22.9s,-56.623039,36.97,0.02,-0.03,0.0,37.03,0.07,-0.07,0.0,8.611,0.013000000000000001,0.0,8.382,,0.0,5212.0,16.0,-11.0,0.0,0.83,0.02,-0.02,0.0,0.87,0.04,-0.04,0.0,2020-07-23,1,42.44,2.22,-2.08,0.0,,,,0.0,2458585.2795,0.0006,-0.0006,0.0,0.43,0.07,-0.113,0.0,Las Campanas Observatory,7.099,0.024,0.0,6.729,0.038,0.0,-55.37697222222222
